movie_id,title,title_eng,grade,genres,country,release_date,rating,director,actor,story,review_count
1,플란다스의 개 ,Barking Dogs Never Bite,7.4,코미디,한국,2000.02.19,"106분, 12세이상관람가",봉준호,"이성재, 배두나","대학 시간강사인 고윤주(이성재)는 이번에도 교수직 추천에서 보기 좋게 떨어진다. 돈 잘 버는 아내에게 사람 대접 못 받고 교수 자리는 아득한데, 강아지가 짖어대니 미칠 노릇이다. 견디다 못한 윤주는 강아지 두 마리를 차례로 지하실에 감금하고 옥상에서 추락시킨다. 아파트 관리사무소에서 경리로 일하는 박현남(배두나)은 오늘도 사무실을 지킨다. 맨손으로 강도를 잡고 영웅이 된 새마을금고 직원을 부러워 하던 현남은 실종된 강아지를 찾아 영웅이 되고 싶어한다. 윤주가 아파트 지하실에 가두었던 강아지는 경비아저씨와 부랑자의 한 끼 식사가 되고, 현남은 그 강아지가 유일한 가족이었던 할머니를 위해 필사적으로 강아지 찾기에 열을 올린다. 이 상황에서 윤주의 아내가 사온 강아지 순자가 사라지면서 강아지에 대한 윤주의 입장이 바뀐다. 현남과 함께 윤주까지 가세한 강아지 찾기는 더욱 가속도가 붙는데...",109
2,카라 ,Calla,6.7,로맨스/멜로/판타지,한국,1999.09.18,"105분, 12세이상관람가",송해성,"송승헌, 김희선, 김현주","팬시회사 디자이너인 선우(송승헌)는 출근길 버스에서 지희(김희선)를 보고 첫눈에 반한다. 출근한 회사, 선우의 책상에는 누군가가 보낸 꽃이 놓여져 있고 전화기에는 음악이 녹음되어 있다. 그 음악이 흘러나오는 꽃집에서 선우는 지희를 다시 보게 된다. 선우는 전화로 어렵게 지희와 만날 약속을 정한다. 만나기로 약속한 날, 선우 앞에서 지희는 인질극의 인질이 되어 죽는다. 3년 후, 같은 장소를 지나던 선우는 그 때를 생각한다. 선우의 간절한 마음이 시간을 되돌려 지희가 죽기 전으로 돌아간다. 이제 선우는 사랑하는 여인 지희를 지키기 위해 필사적인 노력을 펼치게 되는데...",21
3,주노명 베이커리 ,,6.0,드라마,한국,2000.01.15,"104분, 청소년관람불가",박헌수,"최민수, 황신혜, 이미연, 여균동","빵과 결혼에 관한 性스러운 이야기 빵을 만드는 기쁨이 이런 것 아닐까? 사랑이 빵을 만들고 그 빵이 사랑을 촉진시키며 사랑의 이스트가 되고 사랑의 발효가 되는 것... 사랑하는 가족과 안락한 보금자리에 행복해하며 살아가는 빵굽는 남자 주노명.그러나 어느날 부턴가 그의 아내 한정희가 깊은 한숨을 쉬고 있는 모습을 보게 된다. 노명은 사랑하는 아내의 미소를 되찾고자 갖은 노력을 다해보지만 별다른 효과를 보지 못한다. 그러던 어느날 시무룩하던 아내가 활짝 웃고 있는 것이 아닌가? 그것도 빵집에 찾아온 초라한 남자 무석으로 인해... ... 하지만 쿠키나 파이 반죽을 하다보면 섣부른 발효를 막기 위해서 반죽하던 것을 랩이나 헝겊에 싸서 냉동실에 놔두는 경우가 있다... 우리에게도 그런 시간이 왔다. 한편으론 다행이다 싶었지만 슬그머니 밀려오는 질투심, 그리고 아내가 외출만 하려면 마구 펼쳐지는 상상. 궁금함에 미행을 하다가도 그녀의 햇살같은 미소를 잃게 되는 것이 두려워 되돌아온다. 그러던 어느날, 빵집을 제집 드나들 듯 오가던 무석의 발길이 끊기고, 모래바람 같은 메마른 한숨은 다시 아내의 입술에서 새어나온다. 안절부절 못하던 노명은 무석의 아내 해숙이 금족령을 내렸기 때문에 그가 빵집에 나타나지 않는 것을 알게 되고, 급기야는 해숙을 설득하러 다가간다. 그러나 차가운 해숙...노명은 그녀의 마음을 녹이기 위해 빵을 굽기 시작한다. 좋은 빵을 만드는 것과 좋은 사랑을 하는 것은 같다.마음과 정성을 다해야 한다는 점에서, 설사 모든 것들이 다 갖추어 있다 하더라도 반드시 반죽이 익을 시간이 필요하다는 점에서 말이다. 자존심을 걸고 정성을 다해 만든 노명의 빵은 얼음장 처럼 차갑던 해숙의 마음까지도 서서히 녹여간다. 애정과 혼신을 다해 만든 빵은 누구나 알아보는 듯 '주노명 베이커리'엔 그의 빵을 맛보려는 사람들이 구름 처럼 몰려들기 시작한다. 그리고 오해의 빗장이 풀린 해숙과 노명 사이엔 예기치 않던 달콤한 로맨스가 싹트기 시작하는데... 예전에 난 돈버는 재미에 빵을 구웠다. 하지만 지금은 그녀를 위해 빵을 굽는다. 그건 하나의 기쁨이고 황홀 그 자체였다. 노명과 해숙, 무석과 정희, 이들의 로맨스는 점점 더 미묘한 감정으로 빠져드는데...",12
4,여고괴담 두번째 이야기 ,Memento Mori,8.6,공포,한국,1999.12.24,"97분, 12세이상관람가","김태용, 민규동","김규리, 박예진, 이영진","지각을 하는 바람에 학교 담을 넘어 등교한 민아(김민선)는 수돗가에서 우연히 붉은 색 표지의 일기장을 줍는다. 같은 반 친구인 시은(이영진)과 일 년전에 있었던 기묘한 행동으로 아이들에게 따돌림을 받고 있는 효신(박예진)의 교환일기. 영화는 민아가 숨어서 읽는 일기의 내용과 현재의 시은과 효신의 이야기가 교차되면서 전체적인 윤곽이 잡혀가게 된다. 육상부로 늘 교실 뒷자리에 조용히 앉아있는 시은. 그녀에게 외톨이 효신은 유일한 친구이다. 중성적인 외모의 시은과 나이보다 성숙해 보이는 효신이 함께 어울리면서 아이들 사이에선 친구 이상의 관계라는 소문이 퍼지게 된다. 우연히 일기를 읽게 된 민아는 소문과 일기속 진실 사이에서 혼란스러워하다가 결국 이 둘을 이해하게 된다. 그러나 둘의 관계는 교환일기를 먼저 제안했던 효신이 시은에게 지나친 집착을 보이면서 갈등을 빚게 되고, 효신이 학교에서 자살을 함으로써 학교 전체가 혼란에 빠지게 된다. 효신의 자살로 충격을 받은 아이들은 극단적인 냉소를 보이거나 갑작스런 동정심에 빠지는 쪽으로 양분되고, 민아는 혼자만 갖고 있어야 할 비밀들 때문에 괴로워한다. 한편, 효신의 자살 직전에 함께 있었던 시은은 의심을 받고 민아는 시은을 도우려 하지만 시은은 쉽게 마음을 열지 않는다.",71
5,행복한 장의사 ,,7.9,코미디,한국,2000.01.08,"98분, 청소년관람불가",장문일,"임창정, 김창완, 오현경","장판돌(오현경)은 시골의 한 마을에서 평생 장의사로 살아온 사람이다. 그의 손자 재현(임창정)은 서울에서 빚만 지고 쫓기듯 낙향하는 길이고, 철구(김창완)는 삶의 막다른 길에 몰려 죽으려고 시골 마을의 여관방에 찾아든다. 여관방에서 목을 매단 채 대롱거리던 철구는 창 너머 장의사 간판을 보고 흥미를 가진다. 재현은 장의사 대신 오락실을 차리자며 떼를 쓰지만 할아버지는 요지부동이다. 장의일을 배우겠다고 제발로 찾아온 철구, 영 내키지 않아하는 재현, 달리 할 일이 없어 뵈는 동네 슈퍼집 아들 대식(정은표)은 장판돌로부터 장의사 수업을 받는다. 하지만 10년째 죽은 사람이 없는 마을이라 홍보 전단까지 만들어 돌리지만 일거리도 없고 일도 제대로 배울 수 없다. 어느 날 공동묘지 옆에 살던 과부가 자살을 해 드디어 첫 손님을 맞는데...",46
6,춘향뎐 ,"ChunHyang, 春香傳",8.0,시대극/로맨스/멜로,한국,2000.01.29,"136분, 12세이상관람가",임권택,"이효정, 조승우","조선조 숙종시대, 흥겨운 농악놀이가 펼쳐지는 단오날 남원부 자제 이몽룡(조승우)은 몸종 방자를 앞세우고 광한루 구경을 나선다. 그네놀이하는 처녀들의 무리 속에서 춘향(이효정)을 발견한 몽룡은 그만 넋을 잃고 방자를 재촉해 불러 오게 한다. 몽룡은 춘향 어미인 기생 월매에게 춘향과의 백년가약을 원한다는 뜻을 밝히고 자신의 마음이 영원히 변치않을 것임을 맹세한다. 하지만 몽룡의 아버지 이사또가 동부승지로 승진, 내직으로 가게 되고 몽룡도 별 수 없이 한양으로 가게 된다. 그 사이 남원부사로 발령난 변학도는 남원골 춘향이 절색이란 소문을 듣고 부임 삼일 만에 춘향에게 수청 들기를 강요한다. 춘향은 구관댁 도련님과 백년가약 받들기로 하였으니 이부종사는 할 수 없다고 버틴다. 화가 난 변사또는 춘향에게 거역관장 죄를 물어 동틀에 매달고 모진 고문을 가하지만 춘향은 절개를 굽히지 않는다. 한편, 몽룡은 부지런히 공부해 장원급제 벼슬길에 오르고 암행어사로 임명받아 전라도로 내려온다. 남원 근방에 이르러 여러 모로 탐문하던 중에 변학도의 폭정과 춘향의 높은 절개에 칭찬이 자자함을 알게 된다. 다음 날 광한루에서 벌어진 변학도의 생일 잔치가 무르익을 무렵, 암행어사 출두가 붙여지고 몽룡은 변학도를 응징한다. 몽룡과 춘향은 재회하고 동헌은 축제 분위기로 충만해진다.",34
7,반칙왕 ,The Foul King,8.2,코미디,한국,2000.02.04,"111분, 12세이상관람가",김지운,송강호,"은행원 임대호(송강호)는 은행 창구를 지키는 단조로운 일상에서 살맛나는 일이라곤 지지리도 없다. 지각도 잦고 실적도 없어 부지점장에게 욕먹고, 그의 헤드록(목조이기) 기습에 당하기 일쑤며, 짝사랑하는 은행동료는 눈길 한 번 주지 않는다. 의기소침하게 지내던 임대호가 엉뚱하게 찾은 해방구는 '장칠삼 프로레슬링체육관.' 어린 시절 반칙 레슬러 울트라 타이거 마스크를 좋아했고, 상사의 헤드록에서 빠져나올 궁리를 하던 그는 레슬링을 배우러 나선다. 레슬링 고수 유비호와의 시합에 나설 반칙 선수를 요구받은 장관장은 망설이다가 대호를 받아들인다. 밤이면 반칙 레슬러로 탈바꿈하는 대호는 잃었던 활기를 되찾아가고, 마침내 유비호와 혈투를 벌인다.",77
8,연풍연가 ,"Love Wind, Love Song, 戀風戀歌",8.6,로맨스/멜로,한국,1999.02.13,"96분, 15세이상관람가",박대영,"장동건, 고소영","태희(장동건 분)는 결혼 실패와 직장 생활에서의 고민을 안고 제주도로 향한다. 영서(고소영 분)는 제주도 공항에서 소매치기를 붙잡다가 손을 다친 태희를 치료해준다. 태희는 관광가이드인 영서에게 가이드를 부탁하고, 둘은 관례적인 코스를 벗어나 그들만의 여행을 즐긴다. 조금씩 서로에게 가까워지던 두 사람은 공항에서 만나기로 한다. 그러나 태희의 갑작스런 출발로 둘은 만나지 못하고 엇갈리는데...",39
9,러브 ,Love,6.2,가족/로맨스/멜로/드라마,한국,1999.09.18,"99분, 12세이상관람가",이장수,"정우성, 고소영","촉망받는 마라토너 명수(정우성)는 마라톤 참가차 미국에 온다. 고된 훈련을 마친 어느 날, 그는 숙소를 이탈하여 사촌형인 브레드(박철)를 찾아간다. 아시안 게임에서 완주하지 못한 후, 35Km 이상을 달리지 못한다는 강박관념에 시달리고 있기 때문이다. 그는 브레드의 세탁소에서 한국인 입양아 제니(고소영)를 만나 사랑을 느낀다. 그러나 제니는 한국과 어머니에 대한 그리움만이 가득하다. 제니와 명수는 함께 마라톤 연습을 하고, 제니는 그녀의 바람대로 어머니와 연락이 닿지만 만날 수 없다는 말만 듣고 만다. 한국에서 제니의 어머니를 만나고 돌아온 브레드로부터 제니는 어머니의 사진을 건네 받고 명수는 마라톤에 출전하는데...",13
10,자귀모 ,Ghost In Love,6.0,판타지/드라마,한국,1999.08.14,"91분, 청소년관람불가",이광훈,"이성재, 김희선, 유혜정, 차승원","증권 브로커인 나한수(차승원)와 사귀고 있던 진채별(김희선)은 여자 문제로 한수와 심하게 다툰다. 횡단보도 앞에 서 있다가 영업귀신들의 떠밀림으로 그녀는 엉겁결에 죽게 된다. 자살한 귀신들의 모임 '자귀모'에 가입하고도 그녀는 한수를 잊지 못해 그의 주변을 떠돈다. 그러던 어느 날, 한수가 회사 사장 딸과 결혼하는 사실을 알게 되고 복수를 결심한다. 채별은 강간 당해 죽은 백지장(유혜정)과 함께 한수의 결혼식을 방해하지만, 백지장은 저승사자에게 심판당하고 채별만이 칸토라테스(이성재)의 도움으로 도망친다. 채별의 어머니가 사고를 당해 실려간 병원에서 칸토라테스는 옛 애인인 영은(장진영)을 만나게 되고 영은이 수술을 잘할 수 있도록 도와준다. 영은 때문에 저승사자 이면서도 귀신 역할을 해오던 칸토라테스는 이제 저승사자로 돌아가 채별을 심판해야 하는 위치에 놓이는데...",8
11,거짓말 ,Lies,6.2,성인/드라마,한국,2000.01.08,"100분, 청소년관람불가",장선우,"이상현, 김태연","서른 여덟의 나이에 꽤 잘 나가는 조각가였던 제이(이상현). 그러나 지금의 그는 아무 것도 하지 않는다. 시골 중소도시에 살고 있는 고교 3학년, 열 여덟살의 와이(김태연). 친구인 우리를 소개시켜 주려고 제이에게 전화를 걸었던 그녀는 어느새 그와 친해져 일요일 오후마다 여관방에서 만난다. 와이의 엉덩이를 때리는 것으로 시작된 제이의 매질은 그들에게 중요한 전희의 수단이 된다. 와이가 맞고 제이가 때리던 관계는 차츰 뒤바뀌어 이젠 제이가 맞고 와이가 때리기 시작한다. 그러던 어느 날, 와이의 오빠가 둘의 관계를 알게 되면서 한바탕 소란이 벌어지면서 두 사람은 결국 헤어지게 된다. 제이는 모든 것을 정리하고 파리에 있는 아내에게 돌아가지만, 와이는 곡괭이 자루하나만을 들고 그를 찾아간다. 그를 만난 다음날 아침 일찍 와이는 제이와 차도 나누지 않고 브라질로 향한다. 제이의 아내는 그의 허벅지에 쓰여진 내 님이 누구냐고 묻지만 제이는 거짓말을 한다.",66
12,세기말 ,Fin de Siecle,7.0,드라마,한국,1999.12.11,"103분, 청소년관람불가",송능한,"김갑수, 이재은, 차승원","첫째 장은 모라토리엄시나리오 작가 두섭(김갑수)은 멜로드라마 한 편을 거의 완성했지만 바이러스 때문에 내용을 다 날려버리고, 그를 담당했던 영화사 서실장(류태호)은 해고당한다. 둘째 장은 무도덕천(이호재)은 무식하고 천박한 졸부로 여대생 소령(이재은)과 원조교제를 즐긴다. 오렌지족인 천의 아들 현일도 친구 소개로 소령과 성적 유희를 즐긴다. 아버지가 식물 인간인 소령은 어떤 출구도 없이 돈과 마약의 노리개로 변해간다. 요요 사내는 요요를 짓밟고도 돈만 집어던지고 가는 현일을 도끼로 살해한다. 셋째 장은 모럴 헤저드시간강사인 상우(차승원)는 해박하고 비판적인 강의로 유명하지만, 전임 자리를 따기 위해 안달하는 바람둥이다. 그의 아내(홍경연)는 매달리다 마침내 떠나고, 상우는 간통죄로 철창 신세를 진다. 마지막 장은 Y2K 두섭은 투자자를 찾지 못해 만화 가게를 운영하고 있고, 천은 여대생에서 두 명의 여고생으로 노리개를 바꿨다. 소령은 마약에 빠져 완전히 망가졌고, 상우는 떠돌면서 잡문 써서 먹고 사는 신세로 전락했다. 두섭이 한강을 바라보며 서실장에게 새로운 시나리오를 이야기한다.",30
13,해피 엔드 ,Happy End,8.1,로맨스/멜로/스릴러,한국,1999.12.11,"99분, 청소년관람불가",정지우,"최민식, 전도연, 주진모","전직 은행원 서민기(최민식)는 헌 책방에서 연애소설을 읽으며 여유를 즐기는 듯하지만 실직한 처지가 어딘지 모르게 불안해 보인다. 젖먹이 아이를 돌보며 시장도 봐오고 재활용 쓰레기도 분류하면서 가사를 대신한다. 서민기의 무기력함에 대한 아내 최보라(전도연)의 의연함은 오래 가지 못하고 서민기도 구직에 조바심을 가지면서 두 사람은 충돌이 잦아진다. 어린이 영어학원 원장인 아내 최보라는 옛 애인이었던 김일범(주진모)의 오피스텔을 드나들며 밀회를 거듭한다. 서민기에 대한 특별한 반감도 없지만 김일범으로부터 벗어나지 못한다. 이윽고 서민기는 아내의 불륜을 눈치챈다. 박탈감을 추스르기도 전에 아내가 아이까지 팽개치고 김일범과 만나는 것을 목격한 서민기는 살의를 억누르지 못한다. 사랑과 집착, 서로 다른 욕망이 뒤엉킨 세 사람의 관계는 결국 비극적인 파국을 맞지만 서민기는 다시 덩그러니 일상의 한가운데 앉아 있다.",94
14,박하사탕 ,Peppermint Candy,9.1,,,2018.04.26,,이창동,"설경구, 문소리, 김여진","스무 살 첫사랑, 그 순수로 떠나는 시간여행
다시 시작하고 싶다! 다시 시작할 수 있다!

1999년 봄, 마흔 살 영호는 ‘가리봉 봉우회’ 야유회에 허름한 행색으로 나타난다. 그곳은 20년 전 첫사랑 순임과 소풍을 왔던 곳. 직업도 가족도 모두 잃고, 삶의 막장에 다다른 영호는 철로 위에서 “나 다시 돌아갈래”라고 절규한다. 영호의 절규는 기차의 기적소리를 뚫고, 시간을 거슬러 올라간다. 사흘 전 봄, 94년 여름, 87년 봄, 84년 가을, 80년 5월 그리고 마지막 79년 가을. 마침내, 영호는 스무 살 첫사랑 순임을 만난다.",315
15,삼양동 정육점 ,Butcher's Wife,7.1,드라마/스릴러,한국,1999.11.27,"87분, 청소년관람불가",신정균,"최철호, 나경미","정육점에서 살인 사건이 일어난다. 사건 당시 칼을 들고 있던 정육점 주인 상현이 범인으로 지목된다. 그로부터 3년이 흘러 출옥한 상현은 자신이 하던 정육점을 찾는다. 그를 반기는 건 결혼을 약속했던 신혜의 배신. 신혜는 살인 사건 담당 형사 동천과 함께 살며 정육점을 하고 있다. 동천은 상현에게 지난 3년간 일을 털어놓는다. 상현이 유죄판결을 받은 뒤 신혜는 자기가 진짜 범인이라며 동천을 찾아왔고, 동천은 그때부터 신혜의 품을 벗어나지 않으려 안달했다는 이야기. 그러나 상현이 돌아오면서 서로의 감정은 꼬이기 시작한다. 동천은 상현에게 죄책감을 느끼고 신혜는 상현과의 만남에서 잊었던 감정을 되살린다.",9
16,벌이 날다 ,"Flight of the Bee, Parvaz-e zanbur",8.5,드라마,타지키스탄,1999.12.24,"90분, 전체관람가","민병훈, 잠셋 우스마노프",무하마드 쇼디,"타지키스탄의 어느 시골 마을, 8년 간의 내전으로 전기도 끊기고 물도 부족한 이 마을에서 초등학교 선생으로 살아가는 40대 주인공 아노르(무하마드 쇼디)는 가난으로 쪼들려 있지만 평범하고 소박하게 소신껏 살아간다. 그러나 그는 옆집에 사는 부자 때문에 곤경에 처한다. 마을 실권을 장악하고 있는 부자는 아노르 집과 면한 벽에 화장실을 만들어서 아노르 집을 화장실 냄새로 채우는가 하면 틈나는 대로 아노르의 아내(마스투라 오르티크)를 엿보는 괴팍한 취미를 갖고 있다. 아노르는 마을 검사를 찾아가 옆집 부자의 행패를 하소연하지만 부자에게 뇌물을 상납받아온 검사는 아노르의 호소에 개의치 않는다. 부자와 검사의 행패에 화가 난 아노르는 본떼를 보여주기로 작정한다. 자신의 전 재산을 털어 검사 옆 집을 산 아노르는 검사 집 바로 옆에다 화장실을 파기 시작한다.",2
17,신장개업 ,A Growing Business,8.0,코미디/공포,한국,1999.05.01,"100분, 청소년관람불가",김성홍,"김승우, 진희경, 박상면, 이범수","모든 것이 하나면 족한 소도시. 그곳에서 하나 뿐인 중국집 '중화루'를 경영하는 황사장(김승우)은 오늘도 만만세다. 그러나 그의 평화로운 일상에 풍파를 던지는 일이 생긴다. 중화루 건너편에 또 하나의 중국집 '아방궁'이 생긴 것이다. 파리만 날릴 것이라는 황사장의 생각에도 아랑곳 없이 아방궁의 자장맛이 소문나면서 오히려 중화루가 문을 닫을 지경이다. 생각다 못한 황사장은 자장맛을 보기 위해 아방궁에 찾아간다. 아방궁에서 자장면을 먹다가 손가락을 발견하는 황사장, 자장맛의 비밀이 인육이라고 주장하지만 아무도 믿질 않고 때마침 동네에는 연쇄살인 사건이 일어난다. 황사장은 자신의 가게를 살리기 위해 사람 사냥을 나서기 시작하는데...",44
18,죽이는 이야기 ,,4.5,코미디,한국,1998.01.01,"98분, 청소년관람불가",여균동,"문성근, 황신혜","슬럼프에 빠진 감독 구이도(문성근)는 우울한 세상을 향해 슬프고도 아름다운 사랑 영화를 보여주고 싶어한다. 자기 연민에 빠진 그는 여관방에 몰래 카메라를 설치하고 정사장면을 훔쳐보는 여관 종업원에 관한 이야기를 구상한다. 영화사 사장은 흥행성이 있다고 판단하고 'O.K'싸인을 내리지만 사장의 정부인 삼류 여배우 말희(황신혜)를 주인공으로 써야 한다는 조건을 붙인다. 여기서부터 일은 꼬이기 시작한다. 삼류 에로물을 전전하던 말희는 연기 변신의 기회라며 절대로 벗을 수 없다고 선언하고, 설상가상으로 또 다른 남자배우 하비는 액션이 빠질 수 있냐며 은근히 감독을 협박한다. (임재원)",6
19,화이트 발렌타인 ,White Valentine,6.7,로맨스/멜로,한국,1999.02.13,"101분, 전체관람가",양윤호,"박신양, 전지현","어린 소녀 정민(전지현)은 여선생님이라고 속여 군인 아저씨 현준(박신양)에게 편지를 보낸다. 현준은 휴가길에 정민을 만나러 오지만 서로 알지 못한 채 스치고 만다. 스물이 다 되도록 그림에만 묻혀사는 정민, 그녀의 마을로 애인이 죽어버린 30대의 남자가 찾아든다. 그는 새 가게를 하면서 죽은 애인을 잊지 못해 밤마다 비둘기로 편지를 날린다. 정민은 새 가게 주인에게 호감을 느끼며 그의 새 가게를 서성대고, 누구의 편지인지도 모른 채 답장을 쓴다. 주인공을 알아내기 위해 비둘기에 털실을 묶어 날려보낸 정민은 그가 새 가게의 주인이라는 것과 어린 시절 편지를 주고받던 군인 아저씨 현준이라는 사실도 알게 되는데...",17
20,정 ,"My Heart, 情",8.9,시대극,한국,2000.06.17,"114분, 12세이상관람가",배창호,"김유미, 김명곤",따뜻한 봄날 햇볕을 쬐며 노파가 되어버린 순이(김유미)는 자신의 인생을 회상한다. 열 여섯에 열 살의 꼬마 신랑에게 시집간 순이는 신랑의 철부지짓과 독한 시어머니 밑에서 고생만 한다. 10년이 지나 경성으로 유학갔던 신랑이 돌아오지만 그는 영란이라는 신여성과 함께다. 무섭기만 했던 시어머니의 애정을 느끼면서 순이는 집을 떠난다. 세월이 흘러 덕순이라는 술파는 사람에게 보쌈을 당한 순이는 덕순의 순수함에 끌려 처음으로 행복하다. 그러나 행복도 잠시 덕순이 술에 취해 돌아오다 물에 빠져 죽어 다시 혼자가 된다.,57
21,8월의 크리스마스 ,Christmas in August,9.3,,,2013.11.06,,허진호,"심은하, 한석규","""좋아하는 남자 친구 없어요?"" 
변두리 사진관에서 아버지를 모시고 사는 노총각 ‘정원’. 시한부 인생을 받아들이고 가족, 친구들과 담담한 이별을 준비하던 어느 날, 주차단속요원 '다림'을 만나게 되고 차츰 평온했던 일상이 흔들리기 시작한다. 

""아저씨, 왜 나만 보면 웃어요?"" 
밝고 씩씩하지만 무료한 일상에 지쳐가던 스무 살 주차단속요원 '다림'. 단속차량 사진의 필름을 맡기기 위해 드나들던 사진관의 주인 '정원'에게 어느새 특별한 감정을 갖게 되는데... 

2013년 가을, 
사랑을 간직한 채 떠나갔던 그 사람이 다시 돌아옵니다",621
22,러브 러브 ,Rub Love,3.9,로맨스/멜로/범죄/액션/미스터리/판타지/드라마,한국,1998.01.24,"89분, 청소년관람불가",이서군,"안재욱, 이지은","주인공인 26세의 살인청부업자 나나(이지은). 꽤 잘 나가는 킬러인 그녀는 중국으로 가는 것이 꿈인 무자비하고 무신경하며 천진난만한 여자다. 그러다 어느날 자신을 사랑하는 한 남자의 소유욕에 의해 삶 전체가 뒤바뀌는 운명을 맞이하고, 평생 자신의 정체성을 상실한 채 살게 된다. 만화가 조한(안재욱)은 나나에게 첫 눈에 반해 맹목적으로 그녀를 쫓아 다니는 인물이다. 만화같은 환상 속에 빠져 사는 폐쇄적이고 이기적인 인간유형. 나나를 곁에 두기 위해 몰래 기억의 캡슐을 먹이지만 그녀가 후유증에 시달리자 냉정하게 그녀를 버린다. 나나는 그에게 단지 만화를 완성시키기 위한 모델에 불과했던 것. 그러나 아이러니하게도 그는 '나나'로 오인한 경찰의 총에 맞아 비극적인 최후를 맞이한다. (임재원)",7
23,마요네즈 ,Mayonnaise,7.8,드라마,한국,1999.02.13,"114분, 15세이상관람가",윤인호,"김혜자, 최진실","남편(김영철)이 출장으로 집을 비운 사이 임신 중인 몸으로 6살 난 아들을 돌보는 아정(최진실)에게 엄마(김혜자)가 찾아온다. 실향민으로 무기력한 삶을 보낸 아버지에게서 사랑받지 못해 허영기만 잔뜩 든 엄마의 출현은 아정에게 부담스럽기만 하다. 출판사에서 부탁한 보험 여왕의 자서전 대필을 맡은 아정이 집에 돌아오자마자 엄마는 불평을 쏟아낸다. 과거, 아버지의 병수발을 들면서도 억척스럽게 머리에 마요네즈를 바르던 엄마를 본 이후로 아정은 엄마가 혐오스럽기까지 하다. 조금도 엄마답지 못한 엄마와 엄마의 꿈을 이뤄주지 못한 아정은 서로 부딪치기만 하는데...",6
24,댄스 댄스 ,Dance Dance,7.1,로맨스/멜로,한국,1999.09.18,"95분, 12세이상관람가",문성욱,"황인영, 주진모",시험공부를 하던 의대생 준영(주진모)은 우연히 강당에서 발레슈즈를 벗어 버린 채 춤을 추고 있는 진아(황인영)를 보고 반한다. 몇 달 뒤 보러 간 공연에서 진아를 발견한 준영은 그녀를 쫓아가고 그녀가 일하던 댄스팀 스텝스에 가입한다. 진아는 댄스팀에 가입하여 춤을 추면서 유학을 준비하고 있던 중이었다. 준영은 춤을 추기 시작하면서 새로운 기분을 맛보고 진아도 순수한 준영의 모습에 끌린다. 공연의 경비를 조달하기 위해 방송국에서 백댄서를 하던 스텝스는 매니저와의 패싸움을 벌여 해체되고 팀원들은 뿔뿔이 흩어진다. 학교로 돌아온 준영에게 유학을 가게 된 진아가 마지막 공연을 위해 찾아온다.,8
25,텔 미 썸딩 ,Tell Me Something,8.2,범죄/스릴러,한국,1999.11.13,"118분, 청소년관람불가",장윤현,"한석규, 심은하","서울의 대형 할인 매장 엘리베이터 안에서 토막난 시체가 비닐에 싸인 채 발견된다. 뒤이어 일어난 두 건의 살인 사건에서도 시체들은 각각 몸의 한 부분이 잘려나간 상태로 발견된다. 조형사(한석규)는 사건 규명을 위해 구성된 수사팀 반장을 맡게 되지만 사건의 실마리는 전혀 풀리지 않는다. 그러던 중 3번째의 희생자가 혈우병 환자인 것을 근거로 하여 3명의 신원이 밝혀지고, 그들과 관계 있는 한 여자가 떠오른다. 그녀의 이름은 채수연. 
채수연(심은하)은 프랑스 유학을 다녀온 미모의 여성으로 현재는 박물관의 유물 복원실에서 일하고 있다. 희생자들은 그녀의 과거 혹은 현재의 연인들이었던 것이다. 그녀를 흠모하고 있는 박물관 동료가 수사선상에 오르지만, 그 역시 희생된 채 발견된다. 이제 조형사는 사건을 밝히기 위해 그녀의 기억들을 끌어내기 시작하는데...",65
26,송어 ,Rainbow Trout,7.6,스릴러,한국,1999.11.06,"100분, 12세이상관람가",박종원,"강수연, 황인성, 설경구","강원도 산골에서 양어장을 하고 있던 창현(황인성)에게 옛 친구인 민수(설경구)와 병관(김세동)이 찾아온다. 그들은 민수의 부인인 정화(강수연),처제 세화(이은주), 병관의 처 영숙(이항나)과 함께 찾아온 것이다.도시에서 벗어나 자연의 정취를 즐기던 그들은 사냥꾼들의 위협과 그들 사이의 얽혀 있는 관계로 어긋나기 시작한다. 옛 애인이었던 정화에게 창현은 미련을 숨기지 못하고, 세화는 창현에게 끌리는 마음을 숨기지 않는다. 영숙은 사냥꾼에게 몸을 맡기고, 남자들은 사냥꾼들의 총에 기가 죽는다. 혼자 사는 소년 태주(김인권)가 세화의 옷 갈아입는 광경을 훔쳐보면서 남자들의 분노가 태주를 향해 폭발하고 그들은 소년을 구타하는데...",23
27,노랑머리 ,Yellow Hair,6.3,성인/드라마,한국,1999.06.26,"82분, 청소년관람불가",김유민,"이재은, 김기연, 김형철","노랑머리 유나(이재은)와 상희(김기연)는 서울 변두리의 비닐하우스에서 사는 거칠 것 없는 청춘들이다. 둘은 락 카페에서 춤을 추다가 우연히 실직자 영규(김형철)를 만나게 된다. 술에 취한 영규를 비닐하우스에 데려오는 두 사람, 영규는 그녀들과 동거를 시작한다. 유나는 영규와 자고, 상희도 영규와 자면서 아무런 거리낌 없이 셋은 성관계에 빠져든다. 그러나 영규는 실직당하기 전에 사랑하던 직장동료 은미가 있었다. 은미를 그리워하던 영규는 결국 그녀를 찾아가고, 둘은 영규가 배신했다고 생각하며 은미를 찾아간다.",30
28,인정사정 볼 것 없다 ,Nowhere to Hide,8.0,액션/드라마,한국,1999.07.31,"108분, 12세이상관람가",이명세,"박중훈, 안성기","비 내리는 도심 한복판. 대담한 살인 사건이 3건 일어나고 쏟아지는 비에 증거는 씻겨 내려간다. 비상이 걸린 서부 경찰서 강력반, 영구라는 별명으로 불릴 만큼 괴팍하고 물불 안가리는 우형사(박중훈)와 김형사(장동건)는 사건에 관계된 짱구(박상면)와 영배(안재모)를 잡아들여 주범이 강성민(안성기)이라는 사실을 알아낸다. 수사팀은 강성민의 여자 친구인 주연(최지우)의 집에 잠복하지만 우형사의 추격에도 강성민을 놓치고 마는데...",124
29,주유소 습격사건 ,Attack The Gas Station!,7.7,코미디/액션,한국,1999.10.02,"117분, 청소년관람불가",김상진,"이성재, 유오성, 강성진, 유지태","전직 야구선수 노마크(이성재), 무식하지만 무식하단 말을 제일 싫어하는 무대포(유오성), 음악이 없으면 심심한 가수 지망생 딴따라(강성진), 화가 지망생인 뻬인트(유지태). 이들 심심하고 할 일 없는 청춘 4명이 주유소를 털었다. 그것도 전에 털었던 주유소를. 왜? 그냥, 심심하니까. 경보기를 달자던 건빵(정준)의 말을 무시하고 돈 밖에 모르던 사장(박영규)은 아르바이트 생들과 함께 2층에  감금당하고, 사장이 숨겨 놓은 돈을 찾지 못한 4명은 주유소를 점거한다. 주유소 안에 가득 넘치는 기름을 팔아서 돈을 벌려고",135
30,질주 ,,8.2,로맨스/멜로,한국,1999.08.28,"100분, 청소년관람불가",이상인,"이민우, 남상아, 김승현, 송남호","록 가수를 꿈꾸는 바람(남상아), 가장인 삶의 무게를 못 견뎌하며 여대생을 태운 스포츠카로 드라이브를 하는 것이 꿈인 상진(이민우), 유학 갔다 만화를 그린다는 이유로 끌려온 오렌지족 승현(김승현), 권력의 중심에 다가가기 위해 노력중인 고시생 진우(송남호). 승현은 우연히 나이트에서 자유로운 바람을 보고 바람에게 다가가기 위해 그녀가 일하는 카페에 취직한다. 놀이공원에서 토끼역을 하는 상진은 일식집에서 아르바이트를 하고 고시에 실패한 진우는 비디오 방 아르바이트를 시작한다. 각각의 이유로 에덴빌딩에 모이게 된 네 사람은 승현의 권유로 '아르바이트생 단합대회'를 열게 되는데...",4
31,유령 ,"Phantom, The Submarine",7.3,전쟁,한국,1999.07.31,"103분, 12세이상관람가",민병천,"최민수, 정우성","한미합동 훈련 도중 잠수함 장보고의 부함장 찬석(정우성)은 미친 함장을 사살하고 사형을 언도받는다. 사형당한 줄 알았던 찬석이 눈을 뜬 곳은 어딘 지 알 수 없는 장소. 202(최민수)의 뜻모를 말을 뒤로 한 채, 그가 본 것은 비밀 핵잠수함 '유령'이었다. 정부가 소련의 차관 대신 받은 핵잠수함 '유령'은 모든 기록을 말소당하고 번호만 남겨진 유령 승무원들을 태우고 항해를 시작한다. 부함장 202를 믿지 못해 핵미사일 발사키를 찬석에게 준 함장(윤주상)은 사살당하고 유령의 항해 목적이 열강의 압력에 굴복한 정부의 자폭지시임을 알게 된다. 심해 6백 미터, 한국에서 최초로 시도된 테크놀로지 아래 함장에게 반기를 든 202와 그를 저지하는 찬석의 대결이 시작되는데...",49
32,간첩 리철진 ,,7.7,코미디,한국,1999.05.15,"105분, 15세이상관람가",장진,"유오성, 박인환, 박진희","남파 간첩이 한낮의 거리에서 벌인 인질극, 한 명이 목숨을 끊고, 한 명은 달아난다. 때를 같이 해 리철진(유오성)이 북한의 식량난 해결을 위해 슈퍼 돼지 유전자 샘플을 훔쳐오라는 지시를 받고 남파된다. 철진이 간첩이라고 하기엔 어이없을 정도로 쉽게 택시강도를 당하자 공작금을 기다리고 있던 오선생(박인환)은 그의 자질을 의심한다. 가방을 열어본 택시강도들은 가방을 안기부원의 것으로 착각, 돌려주기 위해 안기부에 찾아갔다가 간첩으로 오인되는데...",38
33,링 ,The Ring Virus,5.7,판타지,한국,1999.06.12,"102분, 청소년관람불가",김동빈,"정진영, 신은경, 배두나","신문기자 홍선주(신은경)는 조카 상미의 갑작스런 죽음으로 충격을 받는다. 사인을 조사하던 선주는 '초자연적인 힘에 의한 심장마비'라는 의견을 제시한 의사 최열(정진영)을 찾아간다. 그에게 무시만 당한 선주는 상미가 친구들과 함께 묵었던 콘도에서 비디오 테이프를 발견하게 되고 그 테이프 안에서 죽음을 경고받게 된다. ""죽지 않으려면…""이라는 자막에서 테이프는 다른 프로가 녹화되어 있다. 선주는 그 테이프를 가져와 최열에게 보여준다. 최열과 함께 테이프의 진상을 밝히기 위해 애쓰던 중 선주의 딸이 그것을 보게 된다. 불행한 삶을 살다간 여자의 염사로 제작된 테이프, 그리고 갑작스런 죽음을 맡게 된 최열, 그녀는 이제 어린 딸을 살리기 위해 그녀가 한 것과 최열이 하지 않은 것을 되뇌인다.",11
34,산전수전 ,"Something to Die For, 山錢水錢",5.4,코미디,한국,1999.02.27,"89분, 15세이상관람가",구임서,"김규리, 강성진","돈을 제외한 것은 관심의 대상이 되지 않는 아현(김규리), 그런 성격 덕에 친구도 남자 친구도 없지만 그래도 돈 세는 것이 좋아 은행에 취직한다. 천직임을 자부하며 행복했던 것도 잠시, 그 돈들이 자기 것이 아님에 실망한 아현은 강도라도 들기를 바란다. 그녀의 소원대로 은행에 강도가 들고 인질로 잡혔던 아현은 무사히 살아난다. 가족들과 TV를 보고 있던 아현은 돈가방과 함께 차가 폭발했다는 보도를 듣고 자신와 함께 연못에 빠졌던 돈가방을 생각해낸다. 새로운 인생의 목표를 찾은 아현은 돈가방을 찾기 위해 계획을 세우는데...",13
35,얼굴 ,The face,3.9,범죄,한국,1999.05.29,"93분, 청소년관람불가",신승수,"조재현, 임하룡, 전진아","평화로운 마을 신선면에 부임한 김순경(조재현)은 그 평화가 표면적인 것임을 깨닫는다. 실제로 마을은 내부인들 사이의 편견과 이해가 결합되어 섬뜩한 광기와 혼돈을 숨겨놓고 있다. 김순경은 전과 5범의 건달 고형석(임하룡)을 외지인들에게 바가지를 씌우고 폭행한 죄로 검거하지만 금방 풀려나고, 오히려 고형석이 김순경을 위협한다. 이런 마을에서 간호사인 조영선(김주미)이 시체로 발견되고 경찰은 자살이라고 사건을 종결짓는다. 이 사건에 의문을 품은 이소희(전진아)가 김순경을 찾아와 지방유지를 둘러싼 사건의 음모가 밝혀지기 시작하는데...",9
36,용가리 ,Yonggary,5.4,,,2001.01.20,,심형래,"해리슨 영, 리차드 리빙스톤, 도나 필립슨","하늘에 큰 빛이 나타나 땅을 비추니, 그 땅에 누웠던 큰 공룡이 숨을 쉬며 살아나리라. 거대한 공룡은 하늘에서 살과 피를 얻게 되리라. 또한 그 공룡의 분노가 온 세상을 덮으리라. 그리고 인간이란 이름의 동물은 자신들의 꾀에 속아 자멸하리라. 크고 작은 모든 생명이 파괴된 후, 그들은 새 생명을 얻으리라. 큰 공룡이 머리를 높이 들면 데이몬이 광채를 내리라.폐쇄된 광산에서. 켐벨 박사는 아직까지 세상에 공개되지 않은 새로운 종 티라노사우루스의 50배에 가까운 거대한 공룡화석이 이 지점에 있다는 것을 알게 되고 그의 조수인 홀리와 함께 발굴을 시작한다. 이때 버드 기자는 제보를 받고 용가리의 화석 발굴 현장에 달려간다. 한편 휴즈 박사는 홀리에게 찾아가 상형문자의 경고 메시지에 대하여 얘기를 하고 함께 발굴 현장으로 달려간다. 발굴 작업이 막바지에 이르렀을 때 하늘에서 천둥번개가 내려치고 거대한 녹색광선이 날아와 용가리에게 명중되자 화석이던 용가리는 살아 움직이는 거대한 괴수가 된다. 외계 생명체에 의해서 조정받는 용가리는 발굴 현장을 아수라장으로 만들더니 갑자기 빛을 발산하며 사라진다. 군사 작전 상황실, UNDA에 긴급히 소집된 군 지휘자들은 용가리의 출현 상황을 수시로 체크하며 군사 작전을 지휘한다. 휴즈 박사와 홀리가 아치 중사의 도움으로 지프를 타고 발굴 현장에서 빠져 나오는데, 또 다시 용가리가 나타난다. 놀란 휴즈 박사와 홀리는 용가리와 아주 가까이서 서로를 대면하게 된다.이때, 긴급히 파견된 부라보 부대 헬기들이 나타나고 용가리와 혈전을 벌인다. 휴즈박사와 홀리는 짚차를 타고 현장에서 빠져 나온다. 정부 비밀기관 소속인 밀스는 군 작전 상황실을 방문하여 2년전부터 뛰어난 과학기술을 가진 외계 생명체의 출현을 알고 있었다는 증거자료를 제시한다. 아치 중사의 도움으로 휴즈박사와 홀리도 군사 작전 상황실에 합세하게 된다. 상황실에 있던 사람들은 휴즈 박사가 2년전 밀스씨에게 용가리 관련 정보를 제공했음을 알게 된다. 한편, 용가리를 막기 위해 붉은매 부대 소속인 F-16 편대가 출동하지만 모두 파괴되고 도시는 일대 혼란에 빠진다.한편 휴즈 박사는 홀리와 함께 예언서를 해독하고 용가리가 외계 생명체에 의해 조종 받고 있으며 최종 목표가 핵폭발 이후 발생하는 방사능으로 인류를 멸망시키기 위해 지구를 공격한다는 엄청난 사실을 알게되고 머독 사령관에게 이 사실을 알린다. 머독 사령관은 차세대 특수부대 장비를 이용하기로 결정하고 파커가 특수부대 팀장으로 팀을 이끌고 용가리에게 대항한다. 휴즈 박사와 홀리는 용가리의 비밀을 알게되고 데이몬을 공격할 것을 지시한다. 하지만 용가리는 갑자기 사라진다. 외계 생명체가 에너지 광선으로 용가리를 추적한다는 사실을 알게 되고 적외선 탐지를 통하여 특수부대 대원들이 용가리의 위치를 파악하게 된다. 머독 사령관은 대통령으로부터 핵폭탄 사용 명령을 전달 받는다. 특수부대 대원들이 점점 죽게되고 오닐중위는 용가리의 데이몬을 향해 몸을 날려서 데이몬을 파괴한다. 용가리는 원래의 착한 본성을 찾고 F-16 미사일에 의해 쓰러지는 건물을 몸으로 막아 시민들을 구한다. 위기를 모면하자 머독 사령관은 핵폭탄 사용을 중지시킬 것을 대통령에게 연락하려 한다. 하지만 방해전파로 인해서 통신이 두절된다. 용가리가 본래의 착한 심성으로 돌아오자 용가리를 조종하는 외계 생명체는 용가리의 몸집에 두배 가량되는 사이커라는 새로운 괴물을 깨워 본래의 목적인 지구를 자신들의 땅으로 만들려고 한다. 사이커를 탄생시키기 위해서 지구를 향해 발사한 가공할 위력의 에너지파는 뉴욕 도시를 순식간에 화염에 휩싸이게 만든다. 용가리와 사이커는 서로를 경계하다가 숨막히는 결투를 벌이게 된다. 사이커는 가공할 위력의 화염탄과 강력한 전자파로 용가리를 위기에 빠뜨리게 한다. 용가리는 기회를 노려서 마침내 불을 뿜으며 사이커의 팔을 공격한다. 그러나 팔이 잘린 부분에서 강력한 촉수가 나와서 용가리를 휘감으며 무차별 공격을 가한다. 용가리는 더 이상 공격할 수 없을 정도로 힘이 빠져 버린다. 이때, 파커 대위의 도움으로 용가리는 다시 사이커를 공격하게 된다. 하지만 싸이커의 잘린 몸에서는 또 다시 촉수가 생성되어 용가리를 공격하려 한다.재빨리 용가리는 사이커를 공격하고 사이커는 용가리의 화염탄에 의해서 폭파된다. 승리를 맞이한 용가리는 너무 많은 에너지를 소모하여 힘이 빠져 쓰러진다.하지만 용가리와 사이커 모두를 핵폭탄으로 파멸시키기 위해서 핵폭탄을 장착한 스텔스기가 목표 지점에 도달하게 된다. 이때 모든 임무는 끝났다고 생각했던 상황실은 다시 긴장에 휩싸이게 되는데......",58
37,넘버 3 ,NO.3,8.5,코미디/범죄/액션,한국,1997.08.02,"109분, 청소년관람불가",송능한,"한석규, 이미연, 최민식","깡패 태주(한석규)는 일류에 도전장을 낸 삼류 깡패이다. 그는 무식한 라이벌인 '재떨이'와 항상 으르릉대고 깡패도 인터넷을 알아야 한다는 두목의 생각을 따라 일류가 되고자 한다. 시인이 되고 싶어하는 태주의 아내 현지(이미연)는 삼류 시인 랭보(박광정)에게 시 강습을 받으러 다닌다. 현지는 존경하는 시인 선생님과 모텔에 들어간다. 랭보의 실력은 소문이 나고, '캐시, 크레디트 카드, 섹스'만이 자신을 감동시킨다는 보스 도식의 아내 지나도 시 강습을 받고자 나선다. 한편 태주와 같은 아파트에 사는 마동팔 검사(최민식)는 깡패 집단 도강파를 일망타진할 방법을 강구하는데...",102
38,나쁜 영화 ,Bad Movie,5.5,다큐멘터리/드라마,한국,1997.08.02,"118분, 청소년관람불가",장선우,"장남경, 권혁신, 김꽃지","가족들과 살기를 거부하거나 포기하고 거리로 나온 아이들은 단란주점에서 일하거나 돈을 훔쳐 생활해 나간다. 돈이 없을 땐 굶을지언정 노는 것을 포기하지는 않는다. 여럿이 실컷 볼링을 치고는 목숨 걸고 창문에서 뛰어내리고, 락카페에서 진정한 댄서들과 춤도 춰야한다. 한편 그들과 마찬가지로 거리를 떠돌지만 어울리지는 않는 아이들을 행려 생활을 하며 오늘도 앵벌이를 한다. 앵벌이의 삶의 규칙은 하루에 번 만큼 하루를 사는 것이다.",23
39,이재수의 난 ,,6.7,전쟁,한국,1999.06.26,"110분, 12세이상관람가",박광수,"동방우, 프레데릭 앙드로, 이정재, 심은하","이재수(이정재)는 제주섬 대정군수의 통인 즉,심부름꾼으로 바깥 정세에 밝다. 1901년 천주교인들은 고종황제의 칙서를 들고 들어와 활발한 포교활동을 벌이고, 이를 빌미로 타락한 교인들이 부패한 봉쇄관의 앞잡이로 활동한다. 이를 보다 못한 유생들의 반발로 민중봉기가 일어나고 두려움을 느낀 천주교인들이 기습공격을 감행한다. 이에 분노한 민중들의 민란이 일어나고 이재수가 장두를 자청한다. (박민)",32
40,하우등 ,"Fly Low, 夏雨燈",0.0,로맨스/멜로,한국,1999.07.03,"95분, 전체관람가",김시언,"강태영, 정재욱, 이종우, 임지은, 이아영, 장기현, 최재평, 장가현","하(夏): 세 청년이 폐교로 찾아온다. 도피 중인 그들은 하루하루 무료함을 달래다 창도만 남고 모두 떠나간다. 우(雨): 주경, 다정, 송연은 이 폐교의 졸업생이다. 남자동창의 죽음을 맞아 이곳에 모여든 세 여인은 과거의 꿈을 회상하고 돌아선다. 등(登): 시간이 흘러 주경은 폐교를 다시 찾는다. 그리고 잠시 창도와 차를 나눈 후 등을 선물 받는다. (1998년 제3회 부산국제영화제)",0
41,건축무한육면각체의 비밀 ,A Mystery Of The Cube,7.4,어드벤처,한국,1999.05.01,"110분, 15세이상관람가",유상욱,"김태우, 신은경, 이민우","이상에 관한 졸업논문을 준비하고 있던 용민(김태우)는 우연히 PC통신에서 'MAD 이상 동호회'를 발견하고 모임에 나간다. 핑크 플로이드의 음악을 능가하기 위해 이상이 필요하다는 카피 캣(박정환), 그림을 완성하기 위해 이상의 자화상이 필요한 캔버스(권병준), 이상과 포스트 모더니즘 시인에 관한 비교기사를 써야하는 태경(신은경), 그리고 자신의 계보를 찾기 위해 이상이 필요하다는 모임의 회장 덕희(이민우)등을 만난 용민은 그 자리에서 이상에 관한 새로운 사실을 듣는다. 1931년에 김해경이라는 이름으로 건축기사를 하던 이상이 사라져 33년에 ‘건축무한 육면각체의 비밀’이라는 시와 함께 돌아온 것이다. 멤버들은 사라진 2년에 대한 가상 소설을 릴레이로 연재하기 시작하고 그들의 소설이 시작됨과 함께 하나씩 죽음을 당한다. 카피 캣, 캔버스에 이어, 마지막으로 덕희는 안기부를 해킹하고 사건의 실마리를 남긴 채 사라진다. (박민)",27
42,접속 ,The Contact,8.0,로맨스/멜로/드라마,한국,1997.09.13,"105분, 15세이상관람가",장윤현,"한석규, 전도연","라디오 음악 프로그램 PD인 동현(한석규)에게 옛 애인으로부터 낡은 음반이 보내져 오고, 바로 그날 '여인 2'라는 ID로부터 그 음반의 신청곡이 접수된다. 동현은 '여인2'에게 그 음악의 신청 동기를 묻는 이메일을 보낸다. 옛애인이 신청한 것이 아닐까 하는 기대를 가진다. 그러나 ID '여인 2'의 주인공 수현(전도연)은 동현의 옛애인이 아닌, 가질 수 없는 사랑 때문에 속을 태우고 있는 상황이었다. 이렇게 우연한 계기로 통신상에서 알게 된 두 사람은 서로에게 충실한 조언을 해주는 사이가 된다. 그러나 동현의 제안으로 극장 앞에서 첫만남을 갖기로 했던 날, 동현은 옛 애인의 사망소식을 접하게 되는데...",154
43,낮은목소리 2 ,Habitual Sadness,9.3,다큐멘터리/드라마,한국,1997.08.23,"90분, 전체관람가",변영주,"강덕경, 김순덕, 김복동, 박두리, 박옥련, 심미자, 윤두리","'나눔의 집'에서 함께 살아가는 할머니들은 채소를 심고 닭을 치며 그림을 그린다. 세상의 여느 할머니들과 다르지 않다. 그러나 할머니들에게는 잊을 수 없는 그리고 잊어서는 안될 기억, 역사의 흔적이 있다. 정신대로 끌려가 짓밟혔던 그 고통의 세월들, 전쟁이 끝나 고향에 돌아와서도 상처 받았던 시간들이 불쑥불쑥 튀어나온다. 다른 할머니의 아들 손자들을 볼 때면 마음이 아프고, 민간자금으로 정신대 문제를 적당히 덮어 버리려는 일본 정부의 행태를 보면 분노가 치솟는다. 그리고 시간이 지날수록 오욕의 세상이 안타깝고 두렵다. 할머니들의 슬픔은 그 격렬함을 거둔 대신 일상화되고 습관적인 것이 되어버렸다. 전편이 할머니들의 고통과 역사적 의미의 형상화에 공을 들였다면, 후편은 이처럼 할머니들의 일상과 그 일상에 스며있는 슬픔을 보여준다.",3
44,마리아와 여인숙 ,Maria and the Inn,7.6,드라마,한국,1997.09.13,"98분, 청소년관람불가",선우완,"심혜진, 신현준, 김상중",어린 시절 머리를 다쳐 정신적 성장이 멈춘 기태(김상중)와 어머니의 불륜 현장을 목격한 이후 대인 기피증인 기욱(신현준)은 바닷가에서 여인숙을 하며 살고 있다. 딸아이를 데리고 장기간 여인숙에 묵고 있는 손님 명자(심혜진)가 숙박료를 지불한 능력이 없음을 안 기욱은 형과 결혼하라는 제안을 한다. 명자는 기욱에게 마음이 있으면서 기태와 결혼을 하고 기욱과 은밀히 정사를 나누곤 한다. 그러던 어느 날 명자의 전남편 태수(이경영)가 찾아오고 주객이 전도된 여인숙은 명자와 태수에 의해 매음굴로 전락한다. 기태는 넋이 나간 상태로 여인숙 앞을 서성이고 기욱은 죄책감으로 자살한다.,5
45,마지막 방위 ,The last short-term soldier,7.5,코미디,한국,1997.08.09,"98분, 15세이상관람가",김태규,"김민종, 허준호",필리핀 현지의 어느 지방에서 한국인 근로자 20여명이 게릴라들에게 납치되는 사건이 발생한다. 군부대는 엄청난 몸값을 요구하는 게릴라들을 일망타진 하기 위해 황급히 다섯 명의 특수부대 요원을 차출하게 되는데 그 과정에서 어느 해커의 짖궂은 장난으로 어처구니 없게도 방위들이 필리핀 오지에 파견된다. 오로지 '방위'라는 이유 하나만으로 온갖 설움을 당하던 이들은 얼떨결에 막중한 임무를 부여받지만 도착하자마자 곤경에 빠진다. 대원 중 둘은 바닷가 원주민 마을에 떨어져 억류되고 나머지 셋은 밀림 속에서 헤매게 되는 것인데...,21
46,현상수배 ,,5.7,코미디,한국,1997.09.13,"90분, 15세이상관람가",정흥순,박중훈,헐리우드 스타를 꿈꾸는 연기지망생 제이(박중훈). 탁월한 재치로 호주판 '경찰청 사람들'에 갱두목 써니 역으로 출연하게 된다. 제이는 TV 출연 후 주변의 대우가 달라진 것을 느끼고 내심 우쭐하지만 이제는 슈퍼마켓이나 길거리에서 써니를 잡으려고 혈안이 된 경찰에게 번번히 걸려들어 잡혀오는 곤욕을 치룬다. 매번 신원조회를 받고 풀려나는 제이에게 여형사 찰리(레베카 린)는 시드니를 떠나라고 진심 어린 충고를 하고 제이는 그런 찰리와 마음을 나누게 된다. 찰리가 제이와 가까워지는 것을 시기한 경찰국 반장 스티브는 중국계 마피아 소탕 작전에 제이를 미끼로 쓰려는 작전을 세운다. (임재원),3
47,올가미 ,The Hole,8.1,스릴러,한국,1997.11.01,"100분, 청소년관람불가",김성홍,"윤소정, 최지우, 박용우",30년간 혼자 아들을 키워온 어머니 진숙(윤소정). 아들에 대한 진숙의 집착은 결국 화를 불러온다. 아들 동우(박용우)에게 수진(최지우)이라는 사랑하는 여자가 생기고 결혼을 받아들여야 하는 상황에서 무척이나 심란해 했던 진숙는 며느리를 맞고도 아들에 관한 모든 사항을 자기중심의 영역에 두려고 한다. 아들의 속옷 세탁을 놓고 며느리와 옥신각신 다투는 어머니. 계속해서 아들의 여자이고 싶었던 어머니는 며느리에게 갖은 구박을 일삼으며 아들의 사랑이 며느리에게 향하는 것을 막으려 한다. 결국 못살게 구는 시어머니와 우유부단한 남편을 포기한 며느리가 집을 나가고 아들은 뒤늦게 어머니의 집착에 환멸을 느낀다. 그리고 그 일그러진 욕망의 분출은 비극적인 파국을 몰고 오고야 만다.,61
48,인연 ,Destiny,7.1,코미디/로맨스/멜로/드라마,한국,1997.12.25,"102분, 청소년관람불가",이황림,"박중훈, 김지호",하늘이 맺어준 이 '인연'은 천하의 바람둥이 지훈(박중훈)의 우산꼭지에 하필이면 순진한 노처녀 양희(김지호)의 스커트가 걸리게 하고 많고 많은 술집을 놔두고 같은 술집에서 두 사람이 부딪치게 한다. 우연이 필연이 되기 위한 과정들이다. 성격 차이도 티격태격 말싸움도 두사람을 갈라 놓지 못하고 오히려 상대방에게 한발짝 더 다가서는 계기로 작용한다.,9
49,쉬리 ,Swiri,8.2,액션/드라마,한국,1999.02.13,"123분, 15세이상관람가",강제규,"한석규, 최민식, 송강호, 김윤진","국가 비밀기관 OP의 특수요원인 중원(한석규)과 장길(송강호)은 최근 일어난 암살 사건을 수사 중이다. 제보를 약속한 무기밀매상 보스 임봉주가 눈앞에서 저격당하자, 둘은 저격 스타일을 보고 북한 특수요원 이방희가 활동을 재개했음을 안다. 북에서는 이방희의 특수교관이었던 박무영(최민식)이 북한 특수 8군단과 함께 내려오고 유중원과 이장길은 최근의 암살이 국방부에서 개발한 CTX와 관련이 있다는 사실을 알게 된다. 이를 깨달은 둘은 국방과학 연구소로 향하지만 이미 박무영이 CTX를 탈취한 상태다. 항상 적은 한 발 앞서 OP의 상황을 알게되고 OP 내부에서는 서로를 의심하게 된다. 명현(김윤진)과 결혼을 앞둔 중원은 명현을 피신시키는데...",213
50,야생동물보호구역 ,Wildlife Reservation Zone,5.1,액션,"프랑스, 한국",1997.10.25,"103분, 청소년관람불가",김기덕,"조재현, 장동직","남한 청년인 청해(조재현)와 북한 젊은이 홍산(장동직)은 각각 다른 연유로 파리에 체류하고 있다. 미술 공부를 하러 파리에 왔던 청해는 현재, 화실 동료들의 그림을 몰래 팔아가며 먹고 산다. 북한 특수부대를 탈출한 홍산은 프랑스 외인부대로 망명하려는 중이다. 타지에서 아웃사이더로 살아가던 두 사람이 우연한 기회로 만난다. 홍산의 무술실력이 대단하다는 걸 안 청해는 그에게 무술쇼를 해서 돈을 벌자고 꼬신다. 홍산은 광장에서 벽돌깨는 시범을 보여주고 청해는 구경꾼들에게서 돈을 모으는 것. 그러나 홍산의 무술실력을 눈여겨본 마피아가 개입하기 시작한다. 둘은 마피아의 청부를 받아 폭력을 휘두르는 조직폭력배가 되고 자꾸만 헤어날 수 없는 세계로 깊이 들어가게 된다. 운명이 이들을 미궁 속으로 끌고가는 동안 청해와 홍산은 각자의 사랑을 경험하지만...",16
51,노는 계집 창 ,娼,7.7,드라마,한국,1997.09.13,"105분, 청소년관람불가",임권택,"신은경, 한정현","70년대 후반, 열일곱의 나이에 시골에서 상경한 영은(신은경)은 청계천 피복공장에서 서울생활을 시작하지만 돈을 더 잘 벌 수 있다는 술집으로 옮겨온다. 하지만 술만 팔 수 있는 술집은 없을뿐더러, 한 번 이곳으로 들어오면 빠져나갈 수도 없다. 70년대 산업화 이후 정치와 경제의 이동과 변천 속에서 매춘 산업도 변화를 겪고 영은은 중년에 이르기까지 팔도를 전전하며 매춘부 인생을 산다. 그 사이 영은은 사랑하는 사람도 잃고 돈을 벌기는 커녕 사기를 당하고 빚만 늘고 마음은 약해질대로 약해진다. 그녀의 소원은 오직 옛날 고향의 메밀꽃 밭을 보는 것이다.",67
52,내 마음의 풍금 ,The Harmonium In My Memory,8.7,드라마,한국,1999.03.27,"143분, 전체관람가",이영재,"이병헌, 전도연, 이미연","강원도 산골 산리 마을, 사범학교를 막 졸업한 수하(이병헌)가 첫 부임을 온다. 빨래를 태워 먹고 달아나던 홍연(전도연)은 길을 묻던 수하를 만나고 마음이 설레인다. 산골 마을답게 소란한 교실, 수하는 늦깍이 초등학생인 홍연의 담임 선생님이 된다. 홍연은 매일 검사받는 일기에 수하에 대한 마음을 적어내지만 수하는 같은 날 부임한 양은희(이미연)선생에게 마음이 가 있다. 양은희 선생과 수하가 가까워질수록 애가 타는 홍연, 양은희 선생이 서울의 약혼자와 유학을 가기 위해 급히 학교를 떠나자 홍연은 겨우 마음을 놓는다. 겨울이 다가와 학예회 준비로 한창인 산리 초등학교는 아이들의 장난으로 강당에 불이 나는데...",86
53,블랙잭 ,Blackjack,7.5,미스터리,한국,1997.09.13,"120분, 청소년관람불가",정지영,"최민수, 강수연","경찰이라는 신분을 이용, 비리를 일삼아 큰 돈을 챙기며 범죄와 유착 관계를 꾸리고 있는 오세근(최민수). 비열한 사내지만 이혼한 아내가 데리고 있는 아들 민석이와 언젠가 함께 사는 것이 꿈일 만큼 인간적인 면도 있다.그런 그에게 어느 날 신비롭고 여성스런 매력의 소유자 장은영(강수연)이 나타난다. 사랑스럽고 상냥하며 무엇보다 세심하게 배려할 줄 아는 모습에 반한 오세근은 장은영을 무조건 신뢰하고 보호해주려 한다. 그러나 장은영의 속셈은 권투 프로모터인 남편을 없애는 데 오세근을 이용하는 것. <블랙잭>이라는 제목이 암시하듯, 이들이 벌이는 힘과 지능의 게임이 여기서 출발한다.",19
54,할렐루야 ,,7.4,코미디,한국,1997.08.09,"99분, 15세이상관람가",신승수,"박중훈, 이경영",전과 3범의 별을 달고 이제 막 출소한 덕건(박중훈)은 우연히 주운 지갑에서 흥미로운 편지를 발견한다. 편지를 갖고 오면 개척 교회자금 1억원을 주겠다는 내용. 덕건은 지갑의 주인이 의식불명 상태라는 정보를 입수하고 그를 대신해 교회를 찾아가 목사행세를 한다. 그러나 공돈 1억원이 그냥 굴러 들어오진 않는다. 교회에선 당회장 목사가 미국으로 출장간 2주간 목회일을 도와줄 것을 요구하고 덕건은 돈을 받기 위해 좌충우돌 목사 행세를 하는데...,50
55,학교전설 ,,7.0,코미디/공포,한국,2000.01.01,"82분, 전체관람가",김현명,"신동엽, 최지나, 전혜진","시골의 유곡 초등학교, 서울 학생들과 정유미 선생님(최지나)이 교환수업을 받으러 온다. 서울 학생들은 유곡 초등학교 김개동 선생님(신동엽)이 들려준 귀신이야기에 겁을 먹고 정유미 선생님은 화장실에서 귀신을 보게 된다. 호기심이 발동한 아이들은 귀신을 찾으러 돌아다니고 유곡 초등학교 학생 만득이의 경고에도 불구하고 출입금지 구역인 별관으로 향한다. 그곳에서 아이들은 온갖 귀신들에 쫓겨 실종되고 주동자인 태석은 아이들을 찾기위해 만득이를 찾아가는데...",4
56,깊은 슬픔 ,Deep Blue,4.8,로맨스/멜로,한국,1997.11.15,"90분, 청소년관람불가",곽지균,"강수연, 김승우, 황인성","고향 이슬어지에서 함께 자라난 현세(황인성), 은서(강수연), 완(김승우)은 성인이 된 후 은서를 사이에 둔 삼각관계가 된다. 그러나 은서의 시선은 언제부터인가 완을 향하게 되고, 현세는 그런 은서를 그리워한다. 시간이 흘러 서울에서 대학생활을 시작한 은서와 현세는 각각 바이올린과 미술을 전공하며 행복한 나날을 보낸다. 그러나 종적을 감췄던 완이 다시 이들 앞에 나타나면서 불행이 시작된다. (임재원)",5
57,모텔 선인장 ,Motel Cactus,4.4,드라마,한국,1997.10.25,"91분, 청소년관람불가",박기용,"진희경, 정우성, 이미연, 박신양",세 개의 에피소드1부집착이 서로의 거리를 더 멀게 만드는 커플. 민구(정우성)와 현주(진희경). 현주는 점점 더 민구에게 집착하고 민구는 그녀가 지겹다. 2부여관방 촬영씬 때문에 여관을 찾은 대학생 촬영팀. 두 명의 남녀 학생이 먼저 도착했지만 나머지 스텝들은 오지않고... 서먹하게 앉아 스텝들을 기다리던 두 친구는 서투른 섹스를 나눈다. 3부과거 한때 연인이었지만 서로 개인적인 상처를 안고 헤어진 커플. 희수(이미연)와 석태(박신양). 연애시절 자주 왔던 '모텔 선인장'에서 그들은 다시 만남을 시작했지만 결국 서로의 상처를 치유할 수 없음을 느끼는데...,7
58,닥터 K ,Doctor K,5.3,미스터리/드라마,한국,1999.01.06,"99분, 15세이상관람가",곽경택,차인표,"신경외과 레지던트 강지민(차인표)은 도저히 살릴 수 없는 어린 환자 3명을 살려내 신비한 사람으로 알려진다.이에 의문을 품은 과장 이석명(유인촌)은 수술을 녹화한 테이프를 미국에 보내고 석명의 조카인 마취과 의사 표지수(김혜수)는 지민을 사랑하지만 그를 지켜보기만 한다. 어느날, 뇌종양으로 입원한 오새연(김하늘)이 인질극에 연류되자 지민은 그녀를 구해주고 새연은 그에게 관심을 갖는다. 지민이 밤늦게 외출하는 것을 미행한 새연은 그의 비밀을 알게되고 그것을 빌미로 데이트를 한다. 테이프의 의뢰결과가 기(氣)에 의한 치료라는 것을 알게된 지수는 지민 어머니의 혼령으로부터 아들을 부탁받는데...",12
59,미술관 옆 동물원 ,Art Museum by the Zoo,8.4,로맨스/멜로,한국,1998.12.19,"108분, 15세이상관람가",이정향,"심은하, 이성재","결혼식 비디오를 찍는 일을 하고 있는 춘희(심은하)는 자주 주례를 서는 국회의원의 보좌관 인공(안성기)을 짝사랑하고 있는 중이다. 그러던 어느 날, 게으른 춘희의 자취방에 군대에서 휴가를 나온 철수(이성재)가 찾아와 이사간 다혜(송선미)의 연락처를 내놓으라며 막무가내로 들어온다. 철수의 등장으로 춘희는 쓰고 있던 시나리오가 진척이 되지 않고, 철수는 결혼을 한다며 연락을 피하는 다혜 때문에 속앓이를 한다. 감정에 충실한 동물원 남자 철수는 소녀적인 미술관 여자 춘희의 시나리오에 핀잔을 주고 둘은 서로가 사랑하는 인공과 다혜를 내세워 시나리오를 쓰기 시작한다. 시나리오 안에서 미술관 안내원 다혜와 동물원 수의사 인공의 관계가 발전할수록 철수와 춘희의 관계도 달라지는데...",99
60,일팔일팔 ,1818,7.0,코미디,한국,1997.11.22,"108분, 청소년관람불가",장화영,"정준호, 송윤아","아침마다 요구르트 아줌마 푸념을 들어주다 지각만하는 어수룩한 샐러리맨. 어느날 마대경(정준호)은 자신의 삶에 변화를 꿈꾸며 사업 아이템을 생각해낸다. 700-1818, 일명 '욕먹는 전화'를 개설하는 것. 여기에 복권을 팔며 살아가던 20대 여자 홍세인(송윤아)이 입사한다. 둘의 사업궁합은 너무도 잘맞고 1818전화 사업은 대성공이다. 연일 폭주하는 전화에 몸살을 앓는 사무실. 그러나 마음대로 욕할 수 있는 스트레스 풀기용 음성사서함이 대권을 노리는 한 조직의 신경을 거슬르고, 마대경과 직원 홍세인은 이 조직에게 관리대상으로 떠오르게 되는데..",5
61,편지 ,The Letter,8.4,로맨스/멜로,한국,1997.11.22,"92분, 15세이상관람가",이정국,"최진실, 박신양",서울의 근교에 살면서 기차로 등교를 하는 대학원생 정인(최진실)은 어느 날 아침 서둘러 기차를 타다가 지갑을 떨어뜨린다. 출발하는 기차를 간발의 차로 따라잡아 기차표가 든 지갑을 전해주는 환유(박신양). 둘은 그렇게 사랑을 시작한다. 환유가 일하는 수목원 관사에 신혼의 보금자리를 꾸민 두 사람에게 행복한 신혼의 꿈이 펼쳐진다. 그러나 어느날 갑자기 수채화 같은 이들의 삶에  불행의 그림자가 드리워진다. 환유가 악성 뇌종양으로 죽어가고 있던 것...환유는 남아있는 자신의 생을 홀로 남을 아내에게 편지를 쓰는 것으로 채워간다. 그렇게 시간이 흘러 환유는 영영 눈을 감아버리고 슬픔으로 기진맥진해 있는 정인 앞에 어느 날 남편의 편지가 도착하는데...,57
62,산부인과 ,Push! Push!,0.0,코미디,한국,1997.05.31,"95분, 청소년관람불가",박철수,"황신혜, 방은진","출산의 고통과 탄생의 기쁨이 공존하는 산부인과. 그러나 밤낮으로 이 현장에서 근무해야 하는 산부인과 의사 정연(황신혜)과 혜석(방은진)은 남들이 알지 못하는 웃지 못할 에피소드를 매일 겪는다. 이쁜이 수술로 남편의 바람기를 잡고자 하는 40대 아줌마, 낙태수술 단골 손님들, 아들을 고대하며 거듭 임신과 출산을 반복하지만 역시나 딸을 낳아 망연자실해 하는 딸딸이 엄마, 시험관 수정을 위해 있는 방법, 없는 방법을 동원하는 남편들의 진땀나는 상황...",0
63,베이비 세일 ,Baby Sale,7.2,코미디,한국,1997.06.21,"87분, 15세이상관람가",김본,"최진실, 이경영","광고 회사 카피라이터 최상준(이경영)과 이벤트 기획자 강지현(최진실)은 고장난 엘리베이터에서 첫 만남을 가진 후 곧장 결혼으로 골인한다. 그러나 달콤한 신혼 생활은 첫 아들 누리가 생기면서 막을 내리고, 지현은 고달픈 아기 키우기에 서서히 지쳐간다. 그러던 중 지현은 다시 직장에 복귀하기 위해 '악모 자처하기' 계략에 돌입한다.",5
64,그는 나에게 지타를 아느냐고 물었다 ,,9.5,로맨스/멜로,한국,1997.05.10,"96분, 청소년관람불가",구성주,"김갑수, 이응경, 양정지, 김정현","자신이 사랑하던 여자를 형에게 빼앗기고 어린 연인에게서 죽음으로부터의 탈출구를 찾는 남자(김갑수), 한 남자의 인생을 바꿔버린 고통속에서 살아가는 형수(이응경), 아버지의 이미지를 담고 있는 한 남자를 사랑하는 여자(양정지), 자신의 아버지를 작은 아버지로 알고 작은 아버지의 연인을 사랑하게 된 조카(김정현). 영화 속의 네 주인공들은 모두 엇갈린 운명 속에서 비극적인 사랑을 나눈다. (임재원)",2
65,해가 서쪽에서 뜬다면 ,If Sun Rise Up From West,8.8,로맨스/멜로,한국,1998.12.19,"100분, 15세이상관람가",이은,"고소영, 임창정","교통 의경인 범수(임창정)는 면허 없이 도로를 주행하다 가로수를 들이받아버린 현주(고소영)를 만난다. 범수는 딱지 대신 그녀에게 운전교습을 해주고 둘은 각각 야구 심판과 여배우에 대한 소망을 털어놓는다. 37통의 편지를 주고 받으며 현주를 사랑하게 되는 범수, 얼떨결에 고백한 그를 뒤로 하고, 현주는 유학을 떠난다. 세월이 흘러 범수는 자신이 바라던 야구 심판이 되고 현주는 유하린이라는 예명으로 톱스타가 되었다. 범수는 변함 없는 자신의 마음을 확인하지만 이제 그녀는 너무 먼 별이 되어 버렸다. 현주는 라면회사의 사장인 변지민(차승원)의 구애를 받고 있지만 순수했던 범수를 지우지 못하고 우연히 TV 야구 중계에서 범수를 발견해 그를 찾아가는데...",71
66,비트 ,Beat,8.6,액션,한국,1997.05.03,"113분, 15세이상관람가",김성수,"정우성, 고소영","타고난 파이터이며 아웃사이더인 민(정우성), 폭력 조직에서 성공하기를 꿈꾸는 태수(유오성), 미래에 대한 소박한 꿈을 버리지 않는 환규(임창정)는 무차별적 싸움과 혼돈속에서 10대를 보낸다. 어느날 환규를 따라 나간 노예팅에서 민은 로미(고소영)에게 선택을 당하고 둘은 지속적인 만남을 갖게 된다. 민과 환규는 방황하던 마음을 잡고 분식집을 개업하여 열심히 살아보려고 애쓰지만 개업한 분식집이 철거대상 건물에 속해 시련을 겪는다. 철거반 깡패들과의 몸싸움에서 사고를 낸 환규는 감옥에 가게 되고, 혼자 남은 민은 전갈 조직의 중간 보스로 자리를 잡은 태수의 제안으로 다시 파이터가 되지만...",186
67,크리스마스에 눈이 내리면 ,,8.4,로맨스/멜로,한국,1998.12.19,"100분, 전체관람가",장동홍,김현주,바이올린 스트라디바리우스 만을 남긴 채 부모님이 돌아가신 송희(김현주)에게는 수안(박용하)이라는 친구가 있다. 12년 후에 만나자는 수안과의 약속을 간직한 송희는 유치원 선생님이 되었고 꿈 같이 그를 만난다. 그러나 수안은 송희의 국민학교 동창 유정과 약혼한 상태이다. 바이올리니스트인 유정은 송희에게 스트라디바리우스를 팔라고 하지만 송희는 거절하고 동창회에서 유정과 수안의 다정한 모습을 본 송희는 스트라디바리우스를 약혼 선물로 주는 대신 수안과 7일 동안의 데이트를 제안하는데...,8
68,아버지 ,Father,9.4,드라마,한국,1997.05.10,"90분, 12세이상관람가",장길수,"박근형, 장미희",정수(박근형)는 무능하고 무관심한 남편과 아버지로 가족들에게 불만의 대상이다. 어느 날 정수는 친구인 남 박사(이호재)로부터 자신의 생명이 5개월 밖에 남지 않았다는 충격적인 얘기를 듣는다. 정수는 이 사실을 가족들에게 비밀에 부치고 혼자 자신의 삶을 정리하기로 결심한다. 죽음을 눈앞에 두고 있다는 사실을 견디기 힘든 정수는 술로 괴로움을 달래고 귀가시간은 점점 늦어진다. 이 사실을 까맣게 모르는 가족들의 불만은 커지고 아내 영신(장미희)의 생일인 것도 잊어버리고 늦게 들어온 그에게 가족들의 불만이 폭발한다. 다음날 '아버지는 차라리 남이었다'는 딸의 편지를 발견한 정수는 쓸쓸히 집을 나간다.,38
69,태양은 없다 ,City Of The Rising Sun,7.8,범죄/드라마,한국,1999.01.01,"101분, 청소년관람불가",김성수,"정우성, 이정재",한때는 챔피언 후보로 주목받았던 권투선수 도철(정우성)은 후배에게 KO패 당한 후 권투를 그만둔다. 펀치 드렁크 현상이 있는 그는 관장의 도움으로 흥신소에서 일하게 되고 홍기(이정재)를 만난다. 30억짜리 빌딩을 갖는 것이 꿈이라고 큰 소리 치는 그는 사실 빚에 시달리고 있는 양아치일 뿐이다. 홍기의 단칸방에서 같이 지내던 도철은 배우를 시켜주겠다며 홍기가 꼬드긴 미미(한고은)를 만나 사랑을 느낀다. 어느날 미용실 개업식에 미미를 찾아간 둘은 술에 취해 행패를 부리다가 미미의 매니저가 내리친 술병에 도철이 맞아 입원한다. 홍기는 보상금과 도철의 돈을 훔쳐 달아나고 갈 곳이 없어진 도철은 다시 체육관으로 돌아가는데...,3499
70,박대박 ,Park vs Park,7.0,코미디,한국,1997.04.28,"95분, 청소년관람불가",양영철,"이정재, 주현",사이가 좋지 않은 부자가 법정에서 만난다. 판사와 변호사의 관계로. 아주 짭짤한 수입이 보장되어 있는 이혼관련 사건만 맡으며 승승가도를 달리던 박수석(이정재)은 수단 방법을 가리지 않은 자신의 변론으로 피해를 입은 사람에 의해 폭행을 당하는 경험을 한다. 수석은 이 일로 인하여 상한 자신의 이미지를 회복하기 위해 자청해서 살인혐의자의 변호를 맡는다. 처음에는 피고를 설득해 죄를 인정하게 하려 하지만 피고는 극구 자신의 무죄를 주장하는데...,4
71,3인조 ,Trio,5.9,액션/코미디,한국,1997.05.24,"100분, 청소년관람불가",박찬욱,"이경영, 김민종, 정선경","삼류 나이트클럽에서 색소폰을 불며 생계를 이어가던 악사 '한'(이경영)은 생활고를 벗어나기 위해 색소폰을 전당포에 맡겨 버린다. 따분한 협객 생활을 참다 못한 '문'(김민종)은 보스를 배신하고, 수녀를 꿈꾸었던 마리아(정선경)는 미혼모로 아이를 낳고 그 아이마저 잃어버린다.어느 날 자신의 카페에 총을 들고 난입한 안과 문을 보고 마리아는 아이를 찾아야 한다는 생각에 두 사람과 뜻을 합쳐 세상을 향해 총구를 겨눈다.",16
72,쁘아종 ,Poison,7.4,드라마,한국,1997.02.22,"101분, 청소년관람불가",박재호,"수아, 박신양","서린(이수아)은 극장에서 팝콘과 함께 엄마에게서 버려진 후 혼자 살아가는 방법으로 남자들의 가방을 훔치기 시작한다. 어느 날 그녀는 정일(박신양)의 가방을 훔치고 그 속에 들어있던 소형 녹음기를 발견한다. 서린은 녹음 내용을 통해 그가 심한 불면증 때문에 수면제를 먹어도 잠을 잘 수 없으며 야간 택시를 몰며 살아간다는 것을 알게 된다. 서린은 정일의 택시 안에서 우연히 첫 만남을 갖게 된다. 서린은 녹음된 정일의 순수함에 끌리고, 정일 역시 서린과의 첫 만남에서 그녀의 묘한 매력에 빠져들어 사랑하는 사이가 되는데...",10
73,똑바로 살아라 ,Do The Right Thing,6.8,코미디,한국,1997.03.15,"105분, 청소년관람불가",이상우,"박중훈, 김갑수",장사기(오지명)는 컴퓨터 해커 달세(명계남)와 정보수집가 도준(김갑수)을 이용해 고급 공무원들의 빌딩이나 검은 돈을 챙기는 사기꾼이다. 또 한 건을 한 장사기와 행동대장 마고봉(박중훈)은 달세와 도준을 이용하는 대가가 너무 크다고 배아파한다. 그러던 와중 장사기는 가족이 없는 재산가의 유령상속인을 조작하여 100억대의 재산을 가로 채려 하던 중에 우연히 달세와 도준의 배신을 알게 된다. 장사기는 또 다른 전문 해커를 통하여 그들을 무력화시킨다. 한편 장사기에게 불만이 쌓여있던 마고봉은 검찰에게 장사기의 모든 비리를 들춰내게 되고 콩밥으로 이루어졌던 모든 관계가 무너지게 된다.,6
74,가족 시네마 ,Kazoku Cinema,9.0,드라마,"일본, 한국",1998.11.28,"107분, 청소년관람불가",박철수,"양석일, 이사야마 히로코, 나카지마 시노부, 마쓰다 이치호, 김수진","회사원인 모토미(유애리)는 퇴근길에 자신의 집앞에 20년 만에 가족들이 모여있는 것을 보고 놀란다. 동생 요코(마츠다 이치호)가 에로 배우 생활을 청산하고자 가족사에 관한 영화를 제안하면서 영화팀과 함께 가족들이 찾아온 것이다. 영화촬영이 별로 달갑지 않은 모토미는 상황을 피하려 하지만 요코와 어머니의 설득으로 어쩔 수 없이 참여한다. 그러나 사회적, 성적으로 무능한 아버지(양석일)와 억척스럽게 가사를 꾸리다가 바람이 나 별거한 어머니(이사야마 히로코), 수재였지만 대학에 들어가고 난 후 테니스 밖에 모르는 자폐아가 되버린 남동생(나카지마 시노부) 사이의 거리를 한순간에 좁히기란 쉽지 않다.",2
75,패자부활전 ,,6.4,로맨스/멜로,한국,1997.03.15,"100분, 15세이상관람가",이광훈,"김희선, 장동건",동물원 수의사인 민규(장동건)는 동물들의 잦은 사고와 돌발적인 질병으로 하루도 편할 날이 없다. 민규의 불규칙한 생활에 애인 화영은 결별을 선언하고 새로운 남자를 만난다. 사진작가 은혜(김희선)는 오랫동안 사귀어온 화가 진우가 화랑의 큐레이터인 화영과 만나는것을 알고 자존심이 상한다. 해결방법을 모색하던 은혜는 화영의 옛애인 민규를 찾아가 두 사람에게 복수할 것을 제안한다. 은혜가 복수를 위해 그들에게 접근하자 민규는 옛 사랑인 화영을 보호하고자 은혜를 따라나선다. 그 과정에서 진우와 화영이 결혼한다는 소식을 들은 두 사람은 서로의 상처를 보듬어 주는데...,7
76,짱 ,,7.7,드라마,한국,1998.11.28,"90분, 15세이상관람가",양윤호,"차인표, 송윤아, 홍경인, 장혁","영생 고등학교 3학년 10반, 문제반으로 낙인 찍힌 이 반에 새로운 담임 황기풍(차인표)이 부임한다. 전혀 다른 교사와는 어울리지 않고 기본적인 소양마저 갖추지 못한 그는 문제아들은 문제교사로 다스린다는 학교측의 묘책에 부합한 인물이다. 아이들은 생소한 그를 받아들이려 하지 않지만 황기풍의 애정을 느끼고 차츰 그를 인정하기 시작한다. 황기풍은 이름뿐이던 밴드부를 부활시켜 여러 가지 이유로 정착하지 못하는 아이들을 참가시키고 학교측과 폭력배들의 방해에도 불구하고 <전국 고교밴드 콩쿨>에 참가시키는데...",18
77,홀리데이 인 서울 ,,6.7,로맨스/멜로,한국,1997.03.22,"98분, 청소년관람불가",김의석,"최진실, 장동건, 진희경, 김민종","호텔 홀리데이 인 서울을 거쳐가는 네 사람. 벨보이(김민종)는 실연의 상처를 갖고 있다. 어느 날 그는 정기적으로 호텔을 찾아오는 매혹적인 다리 모델(진희경)에게 빠져들고, 애인과 함께 정기적으로 호텔을 찾아오던 다리 모델은 교통사고로 애인을 잃게 된다. 호텔의 전화교환수(최진실)는 불면증에 걸린 택시기사의 차에 타고, 목적지를 말하지 않는 그녀를 태운 채 아무 말 없이 도시의 밤을 질주한다. 1년이 지나고 네 사람은 각기 다시 만나지만 그냥 스쳐지나갈 뿐인데...",9
78,미스터 콘돔 ,Mr. Condom,5.7,코미디,한국,1997.03.01,"98분, 전체관람가",양윤호,"김혜수, 김호진","같은 항공사 내 커플인 성희(김혜수)와 성호(김호진)는 전형적인 신세대 딩크족 부부. 결혼 생활 3년 째에 접어들면서 빨리 아이를 갖고 싶어하는 성호와 아직 부모가 되기에는 이르다고 생각하는 성희는 티격태격 신경전을 벌인다. 계속된 신경전 속에서 결국 아이를 갖기로 합의하는데 그러나 쉽게 생겨질 줄 알았던 아이는 생기지 않는다. 온갖 민간요법과 최첨단의 현대의학, 식이요법까지 총동원하던 성희는 급기야 상상 임신 해프닝까지 벌이게 된다. (임재원)",3
79,불새 ,Fire Bird,7.6,로맨스/멜로,한국,1997.02.01,"103분, 청소년관람불가",김영빈,"이정재, 손창민, 오연수",마카오에서 희망 없이 살고 있던 영후는 사업차 이 곳에 온 재벌 2세 민섭(손창민)을 알게 된다. 영후는 고향 친구 윤이 민섭과 코카인 흡입 후 정사를 벌이다가 죽자 당황하는 민섭을 대신해 윤의 시체를 유기한다. 서울로 돌아온 두 사람. 영후는 민섭의 오른팔이 된다. 하지만 영후는 민섭이 인수하려는 회사에 고의로 정보를 흘려 인수 건이 실패하게 만들고 민섭의 약혼자마저 뺏는다. 민섭의 약혼자 현주(김지연)의 마음을 사게 된 영후는 엉뚱하게도 민섭의 동생 미란(오연수)의 유혹까지 받는다. 영후는 신분상승의 욕망과 순수한 감정 사이에서 갈등을 겪는데..,17
80,용병 이반 ,,5.6,액션,한국,1997.03.01,"100분, 청소년관람불가",이현석,박상원,한국인 출신 용병 이반(박상원)은 은퇴한 뒤 러시아에 체류하고 있다. 그는 차이코프스키 음악원에 다니고 있는 한국인 소녀 지혜(김지혜)의 보디가드를 맡게 된다. 그녀를 사랑하게 되지만 지혜 아버지의 반대로 둘은 헤어지게 되고 그 후 지혜는 마피아에게 납치를 당하는 불행을 겪게 된다. 이반은 혼자서 러시아 마피아와의 전쟁을 시작하고 지혜를 구출하는데 성공한다. 풀려난 지혜가 음악계로 다시 복귀하여 성공리에 공연을 마칠 무렵 지혜의 공연장을 돌아나가는 이반을 경찰차가 둘러싼다.,8
81,지상만가 ,地上滿歌,6.7,로맨스/멜로,한국,1997.02.22,"91분, 15세이상관람가",김희철,"신현준, 이병헌, 정선경","불우한 가족사의 그늘에서 벗어나지 못하고 방황하는 광수(신현준), 매일밤 헐리웃 영화사에 자신의 시놉시스를 팩스로 날리며 세계적 스타로의 꿈을 키우는 종만(이병헌), 그리고 바이올린을 전공한 음대 휴학생으로 자신이 일하던 악기점에서 광수와 마주친 후 헌신적인 사랑에 빠져드는 세희(전선경).
광수가 살인 누명을 쓰고 수감되던 날 종만은 광수가 미처 챙기지 못한 악보를 보관하게 되고 악보를 통해 광수의 재능을 알게 된다. 출소하던 날 광수는 악기점으로 찾아가고...",9
82,투 타이어드 투 다이 ,To Tired To Die,5.0,코미디/드라마/판타지,"한국, 미국",1998.11.28,"98분, 15세이상관람가",진원석,"김혜수, 금성무, 미라 소르비노","당신에게 앞으로 12시간 밖에 주어지지 않는다면…? 

켄지는 별달리 하는 일 없이 부모가 부쳐주는 돈으로 생활하고 있는 뉴욕의 일본인. 어느 날 8등신 몸매에 금발을 자랑하는 고혹적인 매력의 미녀가 죽음의 신 ‘데쓰(Death)’로 나타나 한 아랍 남자를 쫓아 달리는 이상한 꿈을 꾼 켄지는, 다음 날 친구와 만나기로 약속한 카페에서 간밤에 꿈에서 보았던 죽음의 여신 ‘데쓰’가 바로 그 아랍 남자를 쫓아 달리는 것을 보고는 아연실색한다. 

그리고 이 믿을 수 없는 일이 어떻게 일어날 수 있는지 직접 확인하기 위해 그들을 따라 켄지도 달린다. 그러나 도망가던 남자에게 사실을 물어본다는 것이 결국에는 데쓰 일행에게 그 남자를 잡아 넘기는 격이 되어 버리고, 데쓰는 켄지에게 감사의 키스를 남기고 사라진다. 

다음날 아침, 이상한 꿈을 꾸다 잠에서 깬 켄지는 순간 자신의 머리맡을 지키고 있는 데쓰를 발견하고 소스라치게 놀란다. 데쓰는 낮에 자신을 도와준 것에 대한 감사의 표시로 오늘밤 9시에 켄지를 데려갈 것이라고 미리 일러준다. 즉, 켄지는 앞으로 12시간 밖에 살지 못할 것이라는 얘기. 

데쓰가 12시간 후 자신을 데려갈 것이라는 사실을 믿을 수도, 믿지 않을 수도 없는 켄지는 절망하기 시작한다. 12시간 후에 죽을 운명에 처한 켄지는 인생 최후의 의미 있는 일을 하려고 발버둥을 친다. 과연 켄지는 죽음을 기다리는 12시간동안 무엇을 할 것인가?",4
83,까 ,,5.0,드라마,한국,1998.11.21,"102분, 청소년관람불가",정지영,"박용우, 조은숙, 김소연, 김보경, 동방우, 김병세, 독고영재, 강만홍, 김준석, 김시아","탤런트 선발대회에서 합격한 30명이 최종 선발을 앞두고 강만홍 교수의 지도로 연수에 들어간다. 강만홍 교수가 지도하는 '숨 고르기'. '숨 다스리기', '몸 다스리기', '마음 다스리기', '오감열기' 수업을 따라 구성된 5개의 에피소드를 따라가면 연인인 용우(박용우)와 은숙(조은숙)의 관계에서 출발한 영화는 그들이 처음 만난 카페에서 다시 화해하는 것으로 돌아온다. 마지막 수업으로 연수생들과 강만홍 교수는 자의식, 고정관념을 모두 벗어던져버리는 수업을 진행한다.",4
84,아름다운 시절 ,Spring in my Hometown,8.0,드라마,한국,1998.11.21,"120분, 12세이상관람가",이광모,"이인, 안성기, 김정우","전쟁의 끝 무렵, 창희(김정우)네는 개성에서 내려온 성민(이인)네 집에 세들어 살고 있다. 미군 부대에서 일하는 큰 딸의 주선으로 최씨(안성기)가 미군 부대에 일자리를 얻자 최씨네 살림은 나날이 좋아지지만 아버지가 의용군으로 끌려간 창희네는 집세도 내지 못한다. 이를 보다 못한 최씨의 주선으로 안성댁(배유정)은 미군들의 빨랫감을 맡는다. 강가에 널어 놓은 미군들의 빨래가 없어져 안성댁은 곤경에 처하고 미군 병사와의 정사를 받아들인다. 둘도 없는 친구인 성민과 창현은 동네를 기웃거리다가 방앗간에서 안성댁과 미군병사를 보게되고, 이날 이후 창희는 사라지는데...",7
85,정사 ,,6.5,로맨스/멜로,한국,1998.10.03,"108분, 청소년관람불가",이재용,"이미숙, 이정재",미국에서 돌아오는 동생 지현(김민)을 마중하러 공항에 나갔던 서현(이미숙)은 자기처럼 그냥 돌아서는 한 남자를 발견한다. 지현이 일 때문에 귀국이 미뤄지자 서현은 지현을 대신해 약혼자인 우인(이정재)을 만난다.서현은 우인이 공항에서 마주쳤던 남자임을 기억해내고 동생 대신 결혼준비를 같이 하다 그에게 빠진다. 서현은 건축기사인 남편과 아들을 둔 안정적인 가정의 여자지만 우인의 존재를 거부하지 못하고 우인도 마음을 숨기지 못한다. 연락이 없어 우인의 집으로 찾아간 서현은 우인의 병간호를 하고 우인과 사랑을 나누는데...,31
86,키스할까요 ,First Kiss,6.9,코미디/로맨스/멜로,한국,1998.10.03,"105분, 15세이상관람가",김태균,"안재욱, 최지우, 이경영, 유혜정","27살의 연애 주간지 기자 연화(최지우)는 우유부단하고 서툴다. 거기다 그 나이 되도록 키스 한 번 못해 본 여자이다. 몇 번의 키스를 거부하던 연화가 드디어 키스하기로 마음 먹은 날 애인은 그녀를 떠나고 연화는 실연에 허우적대기 시작한다. 연화의 옆자리에 앉게 된 새로온 사진 기자 한경현(안재욱)은 이런 연화의 심사를 더욱 뒤틀리게 한다. 같은 주간지 동료인 경희(유혜정)는 편집장(이경영)과 내연의 관계임에도 노골적으로 경현에게 접근하지만 경현의 마음은 자신도 알지 못한 채 연화에게 향한다. 둘은 엑스트라로 출연한 영화촬영 현장에서 짧게 서로의 마음을 느끼지만, 서로의 감정을 전달하지 못하는데...",12
87,강원도의 힘 ,,6.8,드라마,한국,1998.04.04,"108분, 청소년관람불가",홍상수,"백종학, 오윤홍, 김유석, 전재현, 박현영, 임선영","30대 초반의 대학강사인 유부남 상권은 자신의 강의를 듣는 학생, 지숙과 사랑에 빠져 있었다. 하지만 현실을 극복하지 못하고 둘은 헤어지고 만다. 이별의 상처를 안고 지숙과 상권은 같은 시간, 각기 다른 일행과 함께 강원도를 찾는다.지숙의 강원도지숙은 우연히 용돈이 생긴날 친구 은경과 미선을 부추겨 강릉행 야간열차를 탄다. 강릉역, 오색 약수터, 낙산바닷가, 낙산사의 그들. 설악산 언저리에서 지숙은 눈이 예쁜 여자와 마주친다.산기슭에서 발견한 금붕어를 묻어주는 지숙. 그날밤, 민박을 안내해준 낯선 경찰관과 술에 취한다. ""어떤 사람이 떨어졌대. 본 사람은 없고 비명소리만 들렸대."" 경찰관이 조난인지 살인인지 알 수 없는 사건을 말한다. 서울로 돌아온 지숙은 가끔 기분이 그런 날 밤이면 그에게 전화를 걸었고, 결국 그를 만나기 위해 처음으로 혼자 여행을 떠난다.상권의 강원도교수 임용 청탁을 위해 찾아간 교수의 집으로 찾아간 상권은 조니 워커블루를 내밀고 돌아선다. 먼저 교수가 된 후배 재완의 제안으로 둘은 야간 침대 열차를 타고 강릉으로 향한다. 비룡폭포, 케이블카, 대포항, 낙산사를 여행하는 두 사람. ""그 친구랑 여기도 왔었다."" 지숙과 함께 했던 강원도 여행을 아무렇지도 않게 회상하는 상권은 비룡폭포 어귀에서 길을 묻는 눈이 예쁜 여자와 사건을 꿈꾸지만 이루지 못하고, 낯선 나이트클럽에서 의무처럼 여자를 사고 재미없는 섹스를 한다.서울 늦은밤 인사동. 드디어 교수에 임용된 상권은 늦은 밤 지숙을 불러낸다. 오랜 이별끝에 재회한 둘은 여관에 있다. 서울 새벽, 이른 아침. 자신이 한때 다니던 출판사를 찾아가는 상권. 지하실에서 그동안 잊고 있었던 금붕어를 발견하고 오랫동안 바라본다.",39
88,체인지 ,Change,7.6,코미디,한국,1997.01.08,"105분, 12세이상관람가",이진석,"정준, 김소연","전교생 600명 중에 500등을 하는, 도통 공부에는 관심이 없는 강대호(정준)는 오늘도 지각이다. 야속하게 간발의 차로 닫히는 교문 앞에 모범생 재우(장성원)와 새침떼기 은비(김소연)가 서서 이름을 적고 있다. 대호는 학생 주임 미친개(이경영)에게 걸려 여지 없이 화장실 청소로 하루를 보낸다. 청소를 마치고 나오는 대호와 마주치는 은비, 갑자기 불어온 폭풍에 두 사람의 몸은 바뀌게 되고...",45
89,인샬라 ,,7.6,어드벤처,한국,1997.01.08,"107분, 15세이상관람가",이민용,"최민수, 이영애",친구들과 사하라를 여행 중이던 향(이영애)은 조난을 당해 밀수범으로 몰린다. 외국인 친구들은 각국 대사관의 노력으로 모두 구제되지만 향은 한국과 비수교국인 알제리에 억류된다. 그녀가 경찰에서 마주친 남자 승엽(최민수)은 경찰의 실수로 불려온 북한 외교원이다. 북한으로 넘겨질까봐 불안해 하는 향을 위해 승엽은 비행기표를 구할 수 있도록 부탁하고 자신의 친구 모하멧(히샴 아브라하미)을 소개해 주고 떠난다. 그러나 비행기표는 도착하지 않고 고국으로 돌아갈 수 있는 희망을 버린 채 토산품 가게에 일하고 있는 향에게 승엽이 찾아온다.,10
90,미지왕 ,Ambiguous Man,8.0,코미디,한국,1996.12.21,"105분, 청소년관람불가",김용태,"조상기, 김현희","희대의 바람둥이 왕창한과 열살 연상의 재벌 외동딸 엄청난의 결혼식날. 조촐히 치루기로 합의한 결혼식에 양가 친척 60여 명이 모이고 신랑의 입장을 기다리는 순간 왕창한이 나타나지 않는다. 갑자기 사라져버린 신랑 때문에 결혼식장은 술렁이게 되고 마침 하객으로 온 두 경찰과 가족의 협조로 신랑을 찾기 위한 긴급 수사본부가 설치되면서 신랑 주변인물들이 차례로 불려온다. 첫번째 증인 신부 엄청난부터 시작해 왕창한의 부친, 신랑의 친구인 나도해, 설소희,또 다른 친구 봉기성 등등이 차례로 출두하는데 갑자기 신랑의 첫사랑 견풍미가 증인으로 나타난다. 식장은 점입가경으로 식객들은 술에 취해 난리 굿판이 벌어지고, 경찰은 실마리가 보이지 않자 철수를 준비하는데, 마지막 증인이 나타난다. 결혼식 전날밤 첫사랑의 추억이 깃든 장소에서 밤을 함께 했다는 정주라가 나선다. 어른들이 광란의 시간을 보내는 동안 식장 밖에서 놀던 아이들이 왕창한을 발견한다.",8
91,고스트 맘마 ,Ghost Mamma,7.4,판타지,한국,1996.12.21,"100분, 청소년관람불가",한지승,"최진실, 김승우",아들 다빈과 함께 행복한 생활을 하고 있던 지석(김승우)과 인주(최진실)에게 불행이 찾아온다. 지석이 지각하는 바람에 놓고 왔던 서류를 인주가 가져다 주다가 교통 사고를 당한 것. 지석은 다빈만을 남겨두고 가버린 인주를 잊지 못하고 그런 지석을 짝사랑 하는 은숙(박상아)은 마음이 아프다. 인주의 빈자리를 채우지 못해 지석은 자살을 결심하고 어리석은 지석 앞에 거짓말처럼 인주가 나타나는데...,8
92,투캅스 3 ,,5.1,코미디/액션,한국,1998.04.11,"102분, 청소년관람불가",김상진,"김보성, 권민중","매너리즘에 빠진 선배에게 원칙을 내세우며 골탕 먹이던 신세대 경찰 이형사(김보성)도 어느덧 고참이 될 시기가 온다. 투캅스 시리즈의 세 번째에서도 명민한 후배는 선배를 당황시킨다. 더 획기적인 것은 이형사의 새로운 파트너로 등장한 신참인 최형사(권민중)가 경찰학교를 수석으로 졸업한 여자라는 사실이다. 최형사는 여자라고 봐주려는 고참의 배려를 무시하고 현장으로 달려들고, 이형사(김보성)는 최형사의 이런 점이 눈엣가시다. 최형사 역시 사사건건 여자라는 이유로 자신을 푸대접하는 이형사가 마음에 안 든다. 한편, 사고가 일어나면 일어날수록 우리 경제가 밝아진다는 얼토당토 않는 이론으로 장안을 쑥대밭으로 만드는 상곤파 일당. 급기야 그들은 중국 마피아조직과 연계해 '한중연합조폭'을 결성, 조직의 국제화를 노리고 있다. 이들을 일망타진하기 위해 '투캅스'가 출동하는데...",21
93,깡패수업 ,,7.0,코미디,한국,1996.12.21,"111분, 청소년관람불가",김상진,"박중훈, 박상민",조직의 위계를 무시한 조직원을 죽인 성철(박중훈)은 바텐더가 되고 싶어하는 해구(박상민)와 일본행 비행기 옆자리에 앉게 된다. 해구가 신문에서 살인 사건을 보자 성철은 해구를 죽일 목적으로 동행하지만 불쌍하게 비는 그를 살려준다. 브로커에게 사기를 당하고 갈곳이 없어진 해구는 성철의 구제로 함께 살게 된다. 성철의 덕으로 깡패 생활의 단맛을 본 해구는 깡패가 되고 싶어하고 평범한 소시민으로 돌아가고 싶어하는 성철은 해구의 결심을 막는다. 그러나 당하기만 하는 해구를 도와주는 성철 때문에 해구의 바람은 커지기만 한다.,23
94,토요일 오후 2시 ,"Saturday, 2:00 pm",5.2,코미디,한국,1998.05.02,"105분, 청소년관람불가",민병진,"김민종, 이승연","세련된 미모를 지닌 20대 후반의 여성 두연(이승연)이 한낮의 미술관에 들어선다. 그녀의 목적은 그림감상이 아닌 다른 사람의 지갑을 터는 것. 대도시 서울에서 그녀가 살아가는 방식이다. 영화<카사블랑카>와 오렌지색을 좋아하는 두연은 어느 날 오렌지색 타이를 매고 영어 발음을 굴리는 잘 생긴 남자 윤태(김민종)를 만난다. 두연은 윤태에게 낭만적인 기대를 품지만 윤태는 돈많은 여자를 유혹해 팔자를 고치려는 구제불능의 한탕주의자일 뿐이다. 윤태는 두연의 화려한 차림새만을 보고 운이 트였다고 착각하고, 두 사람의 인연은 악연으로 시작된다. 두연이 우연하게 깡패조직 자금 담당의 지갑을 털면서 두사람은 깡패들에게 붙잡혀 추궁을 당하게 되고 설상가상으로 두연을 쫓는 형사 상구의 집요한 추적이 이어지는데...",5
95,악어 ,Crocodile,5.4,드라마,한국,1996.11.16,"100분, 청소년관람불가",김기덕,조재현,"한강변에 살면서 자살한 사람들의 시체를 유기시켜 유족들에게 돈을 뜯어내는 용패(조재현)의 별명은 악어다. 그의 곁에는 앵벌이 소년(안재홍)과 깡통을 주워파는 노인(전무송)이 함께 살고 있다. 현정(우윤경)이라는 여자가 자살하던 날도 악어는 그녀를 건져내지만 의외로 살려주고 그녀를 폭행하고 강간하면서 성적 만족을 취한다. 보다 못한 앵벌이 소년과 노인이 현정을 도망시켜 주지만, 그녀는 악어의 주변을 맴돈다. 자신의 주변에서 자신을 지켜보는 현정에게 악어는 처음으로 인간적인 관심을 갖기 시작하는데...",46
96,바이 준 ,Bye June,6.2,로맨스/멜로,한국,1998.03.28,"93분, 청소년관람불가",최호,"유지태, 김하늘","열 아홉의 아픈 상처를 간직한 채 스물 한 살이 된 도기(유지태)와 채영(김하늘). 준과 애인 사이였던 채영은 원인 모를 화재로 준이 죽자 도기에게 기대게 된다. 채영을 짝사랑하며 홀로 가슴을 태웠던 도기는 이제 준이 없는 자리에서 채영을 사랑할 수 있게 되었지만 여전히 그들의 발을 붙잡는 준의 환영을 지우지 못해 섹스와 알콜에 의지한다. 서로 사랑하지만 준의 기억으로 인해 둘의 사이는 늘 어색해진다. 채영은 마음과는 달리 도기를 받아들이지 못하고, 도기 또한 항상 대타인 것 같은 자신의 존재가 불안한데...",19
97,드래곤 투카 ,Dragon Tucca,6.2,액션/SF,한국,1996.12.21,"84분, 전체관람가",심형래,심형래,"범죄를 저질러 추방당한 외계인 투마는 조선시대로 돌아온다. 우주 지배를 꿈꾸던 투마는 공룡 투카의 번식을 위해 마을 처녀들을 제물로 받고, 마을 사람들은 횡포를 막아보고자 무사를 사서 대항하지만 실패한다. 현재에서 피자집 가게 점원인 영구(심형래)는 옛날 옷을 입은 한 선비를 따라 조선 시대로 들어가고 어리둥절한 영구의 몸에 우주 경찰이 들어온다. 길 가던 여인의 몸을 빌은 우주경찰과 함께 둘은 투카와 투마를 처치하기 위해 출동한다. (박민)",20
98,이방인 ,,0.0,드라마,한국,1998.02.14,"93분, 전체관람가",문승욱,"안성기, 에바 가브릴룩","한국인 김(안성기)은 폴란드 바르샤바에서 태권도 사범을 하며 혼자 살아가고 있다. 기차로 여섯 시간 밖에 떨어져 있지 않은 베를린에 아내와 딸이 살고 있지만 그는 10년 째 유럽을 떠돌며 딸아이의 생일 축하편지 조차 보내길 망설인다. 그러던 어느날 소매치기를 당한 여인 욜라(에바 가브릴룩)의 가방을 찾아주게 되고 그 일을 계기로 두 사람은 가까워진다. 또 한 번 그에게 불량 청년 미하우(파보기우 부르치크)와의 특별한 만남이 생겨나고, 두 사람은 김의 일상에 중요한 부분으로 들어온다. 김은 욜라를 통해 잊어버렸던 사랑의 감정을 되찾게 되고, 항상 들떠 있고 어수선한 미하우를 보면서 자신의 불안했던 젊은 날을 회상하는데...",0
99,내 안에 우는 바람 ,Wind Echoing in My Being,0.0,드라마,한국,1997.10.25,"110분, 15세이상관람가",전수일,조재현,제1부 <말에게 물어보렴>시간을 알아오라는 할머니의 심부름으로 집을 나선 아이는 놀이에 열중하여 그만 시간을 놓치고 만다. 제2부<내 안에 우는 바람>자신의 흔적을 찾기 위한 청년이 꿈과 무의식의 여정을 통해 자신을 되찾으려 하지만 지나온 시간은 다시 건널 수 없다는 것을 깨닫는다. 제3부<길 위에서의 휴식>닥쳐올 죽음에 대해 막연한 불안감을 갖게 된 칠순의 노인이 자신의 모습을 남기려는 의지로 사진을 찍고 초상화를 그리게 한다. 하지만 죽음의 그림자는 계속 따라붙어 이제는 수의를 맞추는 등 죽음에 대한 준비를 하기 시작하는데...,1
100,초록물고기 ,Green Fish,8.6,범죄/드라마,한국,1997.02.07,"114분, 청소년관람불가",이창동,"한석규, 심혜진, 문성근","막 군대를 제대하고 집으로 가는 기차에 오른 막동(한석규)은 우연히 기차 안에서 미애(심혜진)를 만나고 그녀의 장미빛 스카프를 줍게 된다. 일자리를 구하러 다니던 막동은 우연히 한 나이트클럽에서 노래를 부르는 미애와 재회하고 미애는 그의 정부이며 조직 폭력배 보스 배태곤(문성근)을 통해 막동의 일자리를 마련해 준다. 자신을 소유물로 여기는 배태곤에게서 벗어나고 싶어하는 미애는 막동에게 순수한 사랑을 느낀다. 둘 간의 이런 감정을 눈치 챈 배태곤은 막동에게 청부살인을 시키고, 자신의 손으로 막동을 없애버린다.",149
